2016-02-23 13:58:26.453000;2016-02-22-20-27-28-stephan.csv;(0.27759866409864348, {ReservoirNode(input_dim=3, output_dim=400, dtype='float64'): {'input_scaling': 0.5, 'spectral_radius': 0.94999999999999996, '_instance': 2}});{ReservoirNode(input_dim=3, output_dim=400, dtype='float64'): {'_instance': [0, 1, 2], 'spectral_radius': array([ 0.55,  0.75,  0.95,  1.15]), 'input_scaling': array([ 0.5,  0.6,  0.7,  0.8])}};2016-02-23-13-58_2016-02-22-20-27-28-stephan.csv.pdf;;;;;;;;;;;;;;;;;;;;;
2016-02-23 13:58:26.453000;2016-02-22-20-27-28-stephan.csv;(0.27759866409864348, {ReservoirNode(input_dim=3, output_dim=400, dtype='float64'): {'input_scaling': 0.5, 'spectral_radius': 0.94999999999999996, '_instance': 2}});{ReservoirNode(input_dim=3, output_dim=400, dtype='float64'): {'_instance': [0, 1, 2], 'spectral_radius': array([ 0.55,  0.75,  0.95,  1.15]), 'input_scaling': array([ 0.5,  0.6,  0.7,  0.8])}};=HYPERLINK(C:\Users\Steve\Documents\Eclipse Projects\BA_Analysis\results\2016-02-23-13-58_2016-02-22-20-27-28-stephan.csv.pdf);;;;;;;;;;;;;;;;;;;;;
2016-02-23 13:58:26.453000;2016-02-22-20-27-28-stephan.csv;(0.27759866409864348, {ReservoirNode(input_dim=3, output_dim=400, dtype='float64'): {'input_scaling': 0.5, 'spectral_radius': 0.94999999999999996, '_instance': 2}});{ReservoirNode(input_dim=3, output_dim=400, dtype='float64'): {'_instance': [0, 1, 2], 'spectral_radius': array([ 0.55,  0.75,  0.95,  1.15]), 'input_scaling': array([ 0.5,  0.6,  0.7,  0.8])}};C:\Users\Steve\Documents\Eclipse Projects\BA_Analysis\results\2016-02-23-13-58_2016-02-22-20-27-28-stephan.csv.pdf;;;;;;;;;;;;;;;;;;;;;
2016-02-25 11:23:37.662000;2016-02-22-20-27-28-stephan.csv;(0.28245302797135435, {ReservoirNode(input_dim=3, output_dim=400, dtype='float64'): {'input_scaling': 0.5, 'spectral_radius': 1.1000000000000001, '_instance': 0}});{ReservoirNode(input_dim=3, output_dim=400, dtype='float64'): {'_instance': [0, 1, 2], 'spectral_radius': array([ 0.9,  1.1]), 'input_scaling': array([ 0.5,  0.6,  0.7,  0.8])}};C:\Users\Steve\Documents\Eclipse Projects\BA_Analysis\results\2016-02-25-11-23_2016-02-22-20-27-28-stephan.csv.pdf;;;;;;;;;;;;;;;;;;;;;
2016-02-25 11:23:37.662000;2016-02-22-20-27-28-stephan.csv;(0.28245302797135435, {ReservoirNode(input_dim=3, output_dim=400, dtype='float64'): {'input_scaling': 0.5, 'spectral_radius': 1.1000000000000001, '_instance': 0}});_instance;[0, 1, 2];spectral_radius;[ 0.9  1.1];input_scaling;[ 0.5  0.6  0.7  0.8];C:\Users\Steve\Documents\Eclipse Projects\BA_Analysis\results\2016-02-25-11-23_2016-02-22-20-27-28-stephan.csv.pdf;;;;;;;;;;;;;;;;
2016-02-25 11:39:59.931000;2016-02-22-20-27-28-stephan.csv;(0.45996793962631877, {ReservoirNode(input_dim=3, output_dim=400, dtype='float64'): {'input_scaling': 0.5, 'spectral_radius': 0.90000000000000002, '_instance': 2}});_instance;[0, 1, 2];spectral_radius;[ 0.9  1.1];input_scaling;[ 0.5  0.7];C:\Users\Steve\Documents\Eclipse Projects\BA_Analysis\results\2016-02-25-11-39_2016-02-22-20-27-28-stephan.csv.pdf;;;;;;;;;;;;;;;;
2016-02-25 11:43:16.488000;2016-02-22-20-27-28-stephan.csv;(0.44301968029306066, {ReservoirNode(input_dim=3, output_dim=400, dtype='float64'): {'input_scaling': 0.5, 'spectral_radius': 0.90000000000000002, '_instance': 1}});_instance;[0, 1, 2];spectral_radius;[ 0.9  1.1];input_scaling;[ 0.5  0.7];C:\Users\Steve\Documents\Eclipse Projects\BA_Analysis\results\2016-02-25-11-43_2016-02-22-20-27-28-stephan.csv.pdf;;;;;;;;;;;;;;;;
2016-02-25 11:44:27.487000;2016-02-22-20-27-28-stephan.csv;(0.49090134222139931, {ReservoirNode(input_dim=3, output_dim=400, dtype='float64'): {'input_scaling': 0.5, 'spectral_radius': 0.90000000000000002, '_instance': 1}});_instance;[0, 1, 2];spectral_radius;[ 0.9  1.1];input_scaling;[ 0.5  0.7];C:\Users\Steve\Documents\Eclipse Projects\BA_Analysis\results\2016-02-25-11-44_2016-02-22-20-27-28-stephan.csv.pdf;;;;;;;;;;;;;;;;
2016-02-25 12:55:16.456000;2016-02-22-20-27-28-stephan.csv;(0.45312094950267962, {ReservoirNode(input_dim=3, output_dim=400, dtype='float64'): {'input_scaling': 0.5, 'spectral_radius': 0.90000000000000002, '_instance': 0}, RidgeRegressionNode(input_dim=None, output_dim=None, dtype=None): {'ridge_param': 0.01}});delta;True;centerAndNormalize;True;_instance;[0];spectral_radius;[ 0.9  1.1];input_scaling;[ 0.5  0.7];ridge_param;[0.001, 0.01, 0.1, 1];C:\Users\Steve\Documents\Eclipse Projects\BA_Analysis\results\2016-02-25-12-55_2016-02-22-20-27-28-stephan.csv.pdf;;;;;;;;;;
2016-02-25 13:00:12.950000;2016-02-22-20-27-28-stephan.csv;(0.45037049690971581, {RidgeRegressionNode(input_dim=None, output_dim=None, dtype=None): {'ridge_param': 0.1}, ReservoirNode(input_dim=None, output_dim=400, dtype='float64'): {'input_scaling': 0.5, 'spectral_radius': 0.90000000000000002, '_instance': 0}});delta;True;centerAndNormalize;True;_instance;[0];spectral_radius;[ 0.9  1.1];input_scaling;[ 0.5  0.7];ridge_param;[0.001, 0.01, 0.1, 1];C:\Users\Steve\Documents\Eclipse Projects\BA_Analysis\results\2016-02-25-13-00_2016-02-22-20-27-28-stephan.csv.pdf;;;;;;;;;;
2016-02-25 13:15:49.270000;2016-02-22-20-27-28-stephan.csv;(0.43906999798221863, {RidgeRegressionNode(input_dim=None, output_dim=None, dtype=None): {'ridge_param': 1}, ReservoirNode(input_dim=None, output_dim=400, dtype='float64'): {'input_scaling': 0.5, 'spectral_radius': 0.90000000000000002, '_instance': 0}});C:\Users\Steve\Documents\Eclipse Projects\BA_Analysis\results\2016-02-25-13-15_2016-02-22-20-27-28-stephan.csv.pdf;;;;;;;;;;;;;;;;;;;;;;
2016-02-25 13:20:13.638000;2016-02-22-20-27-28-stephan.csv;(0.4284039332927827, {ReservoirNode(input_dim=None, output_dim=400, dtype='float64'): {'input_scaling': 0.5, 'spectral_radius': 0.90000000000000002, '_instance': 0}, RidgeRegressionNode(input_dim=None, output_dim=None, dtype=None): {'ridge_param': 0.001}});fused;True;gyro;True;acc;True;delta;True;centerAndNormalize;True;_instance;[0];spectral_radius;[ 0.9  1.1];input_scaling;[ 0.5  0.7];ridge_param;[0.001, 0.01, 0.1, 1];C:\Users\Steve\Documents\Eclipse Projects\BA_Analysis\results\2016-02-25-13-20_2016-02-22-20-27-28-stephan.csv.pdf;;;;
2016-02-25 13:27:01.395000;2016-02-22-20-27-28-stephan.csv;(0.31965641458912519, {ReservoirNode(input_dim=None, output_dim=400, dtype='float64'): {'input_scaling': 0.69999999999999996, 'spectral_radius': 0.90000000000000002, '_instance': 0}, RidgeRegressionNode(input_dim=None, output_dim=None, dtype=None): {'ridge_param': 0.001}});fused;True;gyro;False;acc;False;delta;False;centerAndNormalize;False;_instance;[0];spectral_radius;[ 0.9  1.1];input_scaling;[ 0.5  0.7];ridge_param;[0.001, 0.01, 0.1, 1];C:\Users\Steve\Documents\Eclipse Projects\BA_Analysis\results\2016-02-25-13-27_2016-02-22-20-27-28-stephan.csv.pdf;;;;
2016-02-25 13:43:44.886000;2016-02-22-20-27-28-stephan.csv;(0.30869268796257143, {RidgeRegressionNode(input_dim=None, output_dim=None, dtype=None): {'ridge_param': 0.001}, ReservoirNode(input_dim=None, output_dim=400, dtype='float64'): {'input_scaling': 0.69999999999999996, 'spectral_radius': 0.90000000000000002, '_instance': 0}});fused;True;gyro;False;acc;False;delta;False;centerAndNormalize;False;_instance;[0];spectral_radius;[ 0.9  1.1];input_scaling;[ 0.5  0.7];ridge_param;[0.001, 0.01, 0.1, 1];C:\Users\Steve\Documents\Eclipse Projects\BA_Analysis\results\2016-02-25-13-43_2016-02-22-20-27-28-stephan.csv.pdf;;;;
2016-02-25 13:49:10.240000;2016-02-22-20-27-28-stephan.csv;(0.28510334451019376, {ReservoirNode(input_dim=None, output_dim=400, dtype='float64'): {'input_scaling': 0.5, 'spectral_radius': 0.90000000000000002, '_instance': 0}, RidgeRegressionNode(input_dim=None, output_dim=None, dtype=None): {'ridge_param': 0.001}});fused;True;gyro;False;acc;False;delta;False;centerAndNormalize;True;_instance;[0];spectral_radius;[ 0.9  1.1];input_scaling;[ 0.5  0.7];ridge_param;[0.001, 0.01, 0.1, 1];C:\Users\Steve\Documents\Eclipse Projects\BA_Analysis\results\2016-02-25-13-49_2016-02-22-20-27-28-stephan.csv.pdf;;;;
2016-02-25 13:53:21.646000;2016-02-22-20-27-28-stephan.csv;(0.26345670622777556, {RidgeRegressionNode(input_dim=None, output_dim=None, dtype=None): {'ridge_param': 0.001}, ReservoirNode(input_dim=None, output_dim=400, dtype='float64'): {'input_scaling': 0.5, 'spectral_radius': 0.89999999999999991, '_instance': 1}});fused;True;gyro;False;acc;False;delta;False;centerAndNormalize;True;_instance;[0, 1, 2, 3, 4];spectral_radius;[ 0.5  0.7  0.9  1.1];input_scaling;[ 0.3  0.5  0.7];ridge_param;[0.001, 0.01, 0.1, 1];C:\Users\Steve\Documents\Eclipse Projects\BA_Analysis\results\2016-02-25-13-53_2016-02-22-20-27-28-stephan.csv.pdf;;;;
2016-02-25 13:53:21.646000;2016-02-22-20-27-28-stephan.csv;(0.26345670622777556, {RidgeRegressionNode(input_dim=None, output_dim=None, dtype=None): {'ridge_param': 0.001}, ReservoirNode(input_dim=None, output_dim=400, dtype='float64'): {'input_scaling': 0.5, 'spectral_radius': 0.89999999999999991, '_instance': 1}});fused;True;gyro;False;acc;False;delta;False;centerAndNormalize;True;_instance;[0, 1, 2, 3, 4];spectral_radius;[ 0.5  0.7  0.9  1.1];input_scaling;[ 0.3  0.5  0.7];ridge_param;[0.001, 0.01, 0.1, 1];paraList;[[0.001, 0.01, 0.1, 1], [0, 1, 2, 3, 4], array([ 0.5,  0.7,  0.9,  1.1]), array([ 0.3,  0.5,  0.7])];errors;|[[[[ 0.34014934  0.29156735  0.27814149];
2016-02-25 14:53:22.187000;2016-02-22-20-27-28-stephan.csv;(0.27527672918688512, {RidgeRegressionNode(input_dim=None, output_dim=None, dtype=None): {'ridge_param': 0.01}, ReservoirNode(input_dim=None, output_dim=400, dtype='float64'): {'input_scaling': 0.5, 'spectral_radius': 0.89999999999999991, '_instance': 0}});fused;True;gyro;False;acc;False;delta;False;centerAndNormalize;True;_instance;[0];spectral_radius;[ 0.5  0.7  0.9  1.1];input_scaling;[ 0.3  0.5  0.7];ridge_param;[0.001, 0.01, 0.1, 1];paraList;[[0.001, 0.01, 0.1, 1], [0], array([ 0.5,  0.7,  0.9,  1.1]), array([ 0.3,  0.5,  0.7])];errors;[[[[ 0.33771636,0.29125375,0.28775698], [ 0.30093843,0.28590107,0.27828876], [ 0.29021532,0.28492213,0.27971715], [ 0.29134417,0.27806307,0.29585804]]], [[[ 0.41319765,0.34508478,0.32825374], [ 0.30990336,0.2958917, 0.29340349], [ 0.28746944,0.27527673,0.28585611], [ 0.29303534,0.27732803,0.28196383]]], [[[ 0.49813778,0.43599313,0.41018059], [ 0.39236551,0.33667176,0.32317046], [ 0.30221586,0.29673274,0.29336993], [ 0.28643049,0.28522723,0.2824689 ]]], [[[ 0.57584011,0.51812698,0.51095985], [ 0.45088439,0.42719875,0.39782049], [ 0.38277738,0.34709908,0.33358906], [ 0.33064106,0.30425232,0.30006762]]]];C:\Users\Steve\Documents\Eclipse Projects\BA_Analysis\results\2016-02-25-14-53_2016-02-22-20-27-28-stephan.csv.pdf
2016-02-25 18:37:42.674000;2016-02-22-20-27-28-stephan.csv;(0.27103864967689001, {RidgeRegressionNode(input_dim=None, output_dim=None, dtype=None): {'ridge_param': 0.001}, ReservoirNode(input_dim=None, output_dim=400, dtype='float64'): {'input_scaling': 0.69999999999999996, 'spectral_radius': 0.89999999999999991, '_instance': 0}});fused;True;gyro;False;acc;False;delta;False;centerAndNormalize;True;_instance;[0];spectral_radius;[ 0.7  0.9  1.1];input_scaling;[ 0.3  0.5  0.7];ridge_param;[0.001, 0.01, 0.1, 1];paraList;[[0.001, 0.01, 0.1, 1], [0], array([ 0.7,  0.9,  1.1]), array([ 0.3,  0.5,  0.7])];errors;[[[[ 0.29888652,0.27142904,0.28371137], [ 0.28569348,0.27512856,0.27103865], [ 0.28565539,0.2859812, 0.28256586]]], [[[ 0.3044321, 0.28465392,0.29238968], [ 0.29582773,0.27908567,0.28039901], [ 0.30131298,0.28102346,0.27377533]]], [[[ 0.38676623,0.33597444,0.32387174], [ 0.31685069,0.28537674,0.28981217], [ 0.27851367,0.28086241,0.2786155 ]]], [[[ 0.46870368,0.41946622,0.3974873 ], [ 0.38265065,0.34866449,0.34603802], [ 0.30858252,0.31092753,0.30241784]]]];C:\Users\Steve\Documents\Eclipse Projects\BA_Analysis\results\2016-02-25-18-37_2016-02-22-20-27-28-stephan.csv.pdf
2016-02-25 18:42:26.904000;2016-02-22-20-27-28-stephan.csv;(0.28581481348537485, {ReservoirNode(input_dim=None, output_dim=400, dtype='float64'): {'input_scaling': 0.5, 'spectral_radius': 1.0, '_instance': 0}, RidgeRegressionNode(input_dim=None, output_dim=None, dtype=None): {'ridge_param': 0.001}});fused;True;gyro;False;acc;False;delta;False;centerAndNormalize;True;_instance;[0];spectral_radius;[ 0.7  1. ];input_scaling;[ 0.5  0.7];ridge_param;[0.001, 1];paraList;[[0], array([ 0.7,  1. ]), array([ 0.5,  0.7]), [0.001, 1]];errors;[[[[ 0.28640491,0.43954232], [ 0.28747464,0.40758856]],[[ 0.28581481,0.33083748], [ 0.29359147,0.3266097 ]]]];C:\Users\Steve\Documents\Eclipse Projects\BA_Analysis\results\2016-02-25-18-42_2016-02-22-20-27-28-stephan.csv.pdf
2016-02-25 18:51:33.888000;2016-02-22-20-27-28-stephan.csv;(0.2704824077296491, {RidgeRegressionNode(input_dim=None, output_dim=None, dtype=None): {'ridge_param': 0.001}, ReservoirNode(input_dim=None, output_dim=400, dtype='float64'): {'input_scaling': 0.5, 'spectral_radius': 0.69999999999999996, '_instance': 0}});fused;True;gyro;True;acc;True;delta;False;centerAndNormalize;True;_instance;[0];spectral_radius;[ 0.7  1. ];input_scaling;[ 0.5  0.7];ridge_param;[0.001, 1];paraList;[[0.001, 1], [0], array([ 0.7,  1. ]), array([ 0.5,  0.7])];errors;[[[[ 0.27048241,0.28145248], [ 0.27186441,0.28130833]]], [[[ 0.29020997,0.29039351], [ 0.27214189,0.2798448 ]]]];C:\Users\Steve\Documents\Eclipse Projects\BA_Analysis\results\2016-02-25-18-51_2016-02-22-20-27-28-stephan.csv.pdf
2016-02-25 18:54:45.747000;2016-02-22-20-27-28-stephan.csv;(0.27178516897066085, {ReservoirNode(input_dim=None, output_dim=400, dtype='float64'): {'input_scaling': 0.5, 'spectral_radius': 0.69999999999999996, '_instance': 0}, RidgeRegressionNode(input_dim=None, output_dim=None, dtype=None): {'ridge_param': 0.001}});fused;True;gyro;True;acc;True;delta;False;centerAndNormalize;True;_instance;[0];spectral_radius;[ 0.7  1. ];input_scaling;[ 0.5  0.7];ridge_param;[0.001, 1];paraList;[[0], array([ 0.7,  1. ]), array([ 0.5,  0.7]), [0.001, 1]];errors;[[[[ 0.27178517,0.30356605], [ 0.27830649,0.29289039]],[[ 0.2836701, 0.29631592], [ 0.30233086,0.29343202]]]];C:\Users\Steve\Documents\Eclipse Projects\BA_Analysis\results\2016-02-25-18-54_2016-02-22-20-27-28-stephan.csv.pdf
2016-02-25 18:56:37.690000;2016-02-22-20-27-28-stephan.csv;(0.26293044188517495, {RidgeRegressionNode(input_dim=None, output_dim=None, dtype=None): {'ridge_param': 0.001}, ReservoirNode(input_dim=None, output_dim=400, dtype='float64'): {'input_scaling': 0.5, 'spectral_radius': 0.69999999999999996, '_instance': 0}});fused;True;gyro;True;acc;True;delta;False;centerAndNormalize;True;_instance;[0];spectral_radius;[ 0.7  1. ];input_scaling;[ 0.5  0.7];ridge_param;[0.001, 1];paraList;[[0.001, 1], [0], array([ 0.7,  1. ]), array([ 0.5,  0.7])];errors;[[[[ 0.26293044,0.2869707 ], [ 0.27975194,0.27657366]]], [[[ 0.27805098,0.30360402], [ 0.28543171,0.29321842]]]];C:\Users\Steve\Documents\Eclipse Projects\BA_Analysis\results\2016-02-25-18-56_2016-02-22-20-27-28-stephan.csv.pdf
2016-02-25 19:05:22.195000;2016-02-22-20-27-28-stephan.csv;(0.36245373080895654, {RidgeRegressionNode(input_dim=None, output_dim=None, dtype=None): {'ridge_param': 0.001}, ReservoirNode(input_dim=None, output_dim=400, dtype='float64'): {'input_scaling': 0.5, 'spectral_radius': 0.5, '_instance': 1}});fused;True;gyro;True;acc;True;delta;True;centerAndNormalize;True;_instance;[0, 1, 2, 3, 4];spectral_radius;[ 0.5  0.6  0.7  0.8  0.9  1.   1.1];input_scaling;[ 0.5  0.7  0.9  1.1  1.3];ridge_param;[0.001, 1];paraList;[[0.001, 1], [0, 1, 2, 3, 4], array([ 0.5,  0.6,  0.7,  0.8,  0.9,  1. ,  1.1]), array([ 0.5,  0.7,  0.9,  1.1,  1.3])];errors;[[[[ 0.37123898,0.41583481,0.46661871,0.50473519,0.51535157], [ 0.37007274,0.43277708,0.47406255,0.5252567, 0.54106371], [ 0.39166851,0.43907211,0.48281317,0.51969605,0.53912874], [ 0.4160341, 0.46724188,0.50568754,0.53929434,0.56415114], [ 0.44126871,0.48199197,0.52826089,0.5613908, 0.58455693], [ 0.47215391,0.5188603, 0.54454612,0.58964444,0.6018893 ], [ 0.54500691,0.55814145,0.59318866,0.61515185,0.62670386]],[[ 0.36245373,0.42109825,0.46913546,0.51116426,0.52289485], [ 0.38432131,0.43747024,0.47723668,0.52847998,0.52000405], [ 0.39503827,0.43679839,0.51270294,0.53090561,0.54917879], [ 0.43529316,0.4512109, 0.50041565,0.54973688,0.57048834], [ 0.44874818,0.49770181,0.52775863,0.56509709,0.5830856 ], [ 0.48817405,0.54186347,0.54911375,0.58019973,0.59507033], [ 0.51561533,0.54343024,0.57412652,0.5882036, 0.6144568 ]],[[ 0.37976653,0.41990407,0.46542429,0.49936475,0.52207012], [ 0.38637712,0.435163,0.47995472,0.50851954,0.54520405], [ 0.4050752, 0.43550854,0.49833007,0.53032526,0.54015711], [ 0.40823156,0.45894283,0.50535605,0.53287032,0.56104714], [ 0.43134405,0.48096895,0.52066246,0.55537247,0.56960722], [ 0.48325508,0.54046575,0.55397298,0.56896075,0.59481567], [ 0.50763526,0.54953302,0.59510529,0.60034417,0.64025102]],[[ 0.3629809, 0.42067576,0.47215335,0.50528027,0.53718799], [ 0.37931041,0.42110838,0.47408377,0.50740685,0.52616533], [ 0.39801861,0.44557634,0.49834856,0.52407949,0.54942526], [ 0.41886156,0.47298961,0.51039346,0.52486362,0.56780809], [ 0.44054317,0.48851205,0.55749887,0.57731664,0.56438181], [ 0.46431149,0.51117048,0.54588309,0.56984622,0.59056624], [ 0.50397466,0.56323178,0.5794284, 0.59962589,0.62271773]],[[ 0.38203936,0.43462318,0.46388775,0.50721745,0.52204155], [ 0.3758372, 0.43530323,0.48694489,0.51845235,0.53854837], [ 0.37855497,0.46364425,0.49803461,0.54536812,0.55701119], [ 0.41647031,0.47919088,0.51118293,0.54717653,0.55358378], [ 0.44894577,0.47022856,0.53008554,0.56776678,0.57759965], [ 0.47866643,0.500407,0.55953524,0.57224731,0.60637755], [ 0.51010328,0.55738751,0.58309629,0.6146094, 0.62581787]]], [[[ 0.41773146,0.46488361,0.47475346,0.51166993,0.52719368], [ 0.38659867,0.44013593,0.48763624,0.52296257,0.55100407], [ 0.39754791,0.45569492,0.50800028,0.54001862,0.55119457], [ 0.41737552,0.47417779,0.48098814,0.54699556,0.55169822], [ 0.4453125, 0.47938661,0.52479709,0.5473053, 0.57133332], [ 0.46174804,0.51452476,0.54914471,0.58042, 0.5812905 ], [ 0.5237884, 0.55853027,0.58654039,0.61348873,0.61036376]],[[ 0.40868781,0.43804709,0.47867415,0.50489388,0.53412796], [ 0.40471072,0.43968749,0.48528423,0.50984274,0.53184989], [ 0.39903186,0.44098426,0.49201111,0.52451395,0.56376823], [ 0.43524688,0.46035514,0.52481813,0.54545751,0.56314523], [ 0.44835998,0.48300402,0.53802828,0.53879003,0.58420622], [ 0.46874075,0.51757684,0.55163816,0.57516343,0.60618794], [ 0.5102693, 0.54566391,0.55741864,0.60572631,0.61996012]],[[ 0.40996856,0.45910543,0.47157089,0.50314824,0.53206434], [ 0.38985529,0.46790701,0.48069099,0.50535599,0.53976368], [ 0.40674424,0.44326001,0.49542776,0.53279673,0.54845488], [ 0.42958708,0.46658283,0.49836389,0.55102732,0.56214487], [ 0.46265453,0.4885077, 0.51322926,0.55371314,0.57550584], [ 0.45610768,0.52470188,0.55642274,0.58285587,0.60250581], [ 0.53874357,0.55137093,0.58467527,0.59892185,0.62161426]],[[ 0.42219932,0.44660043,0.46946718,0.50697095,0.53568134], [ 0.41398357,0.43209915,0.4949953, 0.52573556,0.5328567 ], [ 0.40015009,0.43755942,0.49993691,0.51979766,0.55636218], [ 0.39430139,0.44500914,0.50820648,0.54190212,0.57544757], [ 0.43415658,0.48326497,0.51967126,0.55700721,0.57426176], [ 0.47454025,0.53144471,0.56112414,0.56986875,0.59678636], [ 0.5196676, 0.56429644,0.60365403,0.59838601,0.6253782 ]],[[ 0.42103032,0.43486515,0.4763113, 0.5267553, 0.52351387], [ 0.3968014, 0.44858151,0.46913697,0.52365916,0.53349486], [ 0.4023652, 0.45069682,0.50613317,0.53396137,0.54447694], [ 0.42104075,0.44835723,0.49634412,0.53776642,0.56910163], [ 0.44397282,0.47965558,0.54024094,0.55636736,0.58942303], [ 0.47689329,0.51673628,0.54675815,0.56225158,0.59435392], [ 0.49017099,0.56070903,0.58732315,0.60140813,0.61814686]]]];C:\Users\Steve\Documents\Eclipse Projects\BA_Analysis\results\2016-02-25-19-05_2016-02-22-20-27-28-stephan.csv.pdf
2016-02-27 17:57:47.781000;2016-02-27-17-36-01-nadja2.csv;(0.88505541625852402, {ReservoirNode(input_dim=None, output_dim=400, dtype='float64'): {'input_scaling': 0.80000000000000004, 'spectral_radius': 0.5, '_instance': 0}, RidgeRegressionNode(input_dim=None, output_dim=None, dtype=None): {'ridge_param': 1}});fused;True;gyro;True;acc;True;delta;True;centerAndNormalize;True;_instance;[0];spectral_radius;[ 0.5  0.7  0.9  1.1];input_scaling;[ 0.8  1.   1.2];ridge_param;[0.001, 1];paraList;[[0], array([ 0.5,  0.7,  0.9,  1.1]), array([ 0.8,  1. ,  1.2]), [0.001, 1]];errors;[[[[ 0.88753899,0.88505542], [ 0.89436872,0.89143208], [ 0.90583628,0.90424024]],[[ 0.88921419,0.88858988], [ 0.90157979,0.90120371], [ 0.90504578,0.90814469]],[[ 0.90024495,0.89889381], [ 0.90448589,0.90854502], [ 0.91688963,0.91981939]],[[ 0.90955312,0.90798413], [ 0.91404155,0.91654231], [ 0.92154856,0.924987,]]]];C:\Users\Steve\Documents\Eclipse Projects\BA_Analysis\results\2016-02-27-17-57_2016-02-27-17-36-01-nadja2.csv.pdf
2016-02-29 17:59:20.822000;nadja_fitted_0.csv;(0.064011284525413104, {ReservoirNode(input_dim=None, output_dim=400, dtype='float64'): {'input_scaling': 0.80000000000000004, 'spectral_radius': 0.5, '_instance': 0}, RidgeRegressionNode(input_dim=None, output_dim=None, dtype=None): {'ridge_param': 0.001}});fused;True;gyro;True;acc;True;delta;True;centerAndNormalize;True;_instance;[0];spectral_radius;[ 0.5  0.7  0.9  1.1];input_scaling;[ 0.8  1.   1.2];ridge_param;[0.001, 1];paraList;[[0], array([ 0.5,  0.7,  0.9,  1.1]), array([ 0.8,  1. ,  1.2]), [0.001, 1]];errors;[[[[ 0.06401128,0.13216437], [ 0.07442034,0.14420758], [ 0.08780045,0.1538764 ]],[[ 0.08098835,0.1281513 ], [ 0.09150023,0.14219235], [ 0.10543951,0.1537199 ]],[[ 0.10986052,0.14325758], [ 0.11998319,0.16162422], [ 0.14691545,0.16302921]],[[ 0.19178492,0.16750367], [ 0.19913708,0.20514003], [ 0.22882237,0.20623622]]]];C:\Users\Steve\Documents\Eclipse Projects\BA_Analysis\results\2016-02-29-17-59_nadja_fitted_0.csv.pdf
2016-02-29 18:00:45.797000;nadja_fitted_0.csv;(0.016811621534036782, {RidgeRegressionNode(input_dim=None, output_dim=None, dtype=None): {'ridge_param': 0.001}, ReservoirNode(input_dim=None, output_dim=400, dtype='float64'): {'input_scaling': 0.80000000000000004, 'spectral_radius': 0.5, '_instance': 0}});fused;True;gyro;True;acc;True;delta;False;centerAndNormalize;False;_instance;[0];spectral_radius;[ 0.5  0.7  0.9  1.1];input_scaling;[ 0.8  1.   1.2];ridge_param;[0.001, 1];paraList;[[0.001, 1], [0], array([ 0.5,  0.7,  0.9,  1.1]), array([ 0.8,  1. ,  1.2])];errors;[[[[ 0.01681162,0.01905894,0.02493507], [ 0.02152466,0.02691228,0.02697242], [ 0.04641207,0.04325174,0.04775179], [ 0.08779521,0.0821596, 0.07759456]]], [[[ 0.09467652,0.08865031,0.12396473], [ 0.0801466, 0.09181048,0.09176309], [ 0.07817603,0.08931309,0.09168373], [ 0.09860611,0.10943573,0.09973064]]]];C:\Users\Steve\Documents\Eclipse Projects\BA_Analysis\results\2016-02-29-18-00_nadja_fitted_0.csv.pdf
2016-02-29 18:02:35.229000;nadja_fitted_0.csv;(0.24739487207996999, {ReservoirNode(input_dim=None, output_dim=400, dtype='float64'): {'input_scaling': 1.2, 'spectral_radius': 0.69999999999999996, '_instance': 0}, RidgeRegressionNode(input_dim=None, output_dim=None, dtype=None): {'ridge_param': 0.001}});fused;True;gyro;True;acc;True;delta;False;centerAndNormalize;False;_instance;[0];spectral_radius;[ 0.5  0.7  0.9  1.1];input_scaling;[ 0.8  1.   1.2];ridge_param;[0.001, 1];paraList;[[0], array([ 0.5,  0.7,  0.9,  1.1]), array([ 0.8,  1. ,  1.2]), [0.001, 1]];errors;[[[[ 0.2627415, 0.51808608], [ 0.2653185, 0.49882735], [ 0.26500632,0.49415046]],[[ 0.27401978,0.48292631], [ 0.24914234,0.45791073], [ 0.24739487,0.46629588]],[[ 0.30027694,0.43589815], [ 0.28333851,0.41319237], [ 0.25488166,0.4088395 ]],[[ 0.35077742,0.39002533], [ 0.36360852,0.39198934], [ 0.33222692,0.3832491 ]]]];C:\Users\Steve\Documents\Eclipse Projects\BA_Analysis\results\2016-02-29-18-02_nadja_fitted_0.csv.pdf
2016-02-29 18:04:49.614000;nadja_fitted_0.csv;(0.042911738436592954, {ReservoirNode(input_dim=None, output_dim=400, dtype='float64'): {'input_scaling': 1.0, 'spectral_radius': 0.5, '_instance': 0}, RidgeRegressionNode(input_dim=None, output_dim=None, dtype=None): {'ridge_param': 0.001}});fused;True;gyro;True;acc;True;delta;False;centerAndNormalize;False;_instance;[0];spectral_radius;[ 0.5  0.7  0.9  1.1];input_scaling;[ 0.8  1.   1.2];ridge_param;[0.001, 1];paraList;[[0], array([ 0.5,  0.7,  0.9,  1.1]), array([ 0.8,  1. ,  1.2]), [0.001, 1]];errors;[[[[ 0.04375384,0.19648551], [ 0.04291174,0.18923026], [ 0.04532556,0.21498463]],[[ 0.0495606, 0.15798041], [ 0.05085099,0.16291752], [ 0.05863817,0.17286257]],[[ 0.06860829,0.14771435], [ 0.06802438,0.14932732], [ 0.07321994,0.15088376]],[[ 0.11574439,0.16928228], [ 0.12034762,0.16572714], [ 0.14195242,0.16191329]]]];C:\Users\Steve\Documents\Eclipse Projects\BA_Analysis\results\2016-02-29-18-04_nadja_fitted_0.csv.pdf
2016-02-29 18:38:40.689000;nadja_fitted_0.csv;(0.042819010976452972, {ReservoirNode(input_dim=None, output_dim=400, dtype='float64'): {'input_scaling': 1.0, 'spectral_radius': 0.5, '_instance': 0}, RidgeRegressionNode(input_dim=None, output_dim=None, dtype=None): {'ridge_param': 0.001}});fused;True;gyro;True;acc;True;delta;False;centerAndNormalize;False;_instance;[0];spectral_radius;[ 0.5  0.7  0.9  1.1];input_scaling;[ 0.8  1.   1.2];ridge_param;[0.001, 1];paraList;[[0], array([ 0.5,  0.7,  0.9,  1.1]), array([ 0.8,  1. ,  1.2]), [0.001, 1]];errors;[[[[ 0.04371265,0.20013182], [ 0.04281901,0.20290191], [ 0.05116723,0.20660178]],[[ 0.04899881,0.15965323], [ 0.05514533,0.16744835], [ 0.05375373,0.17308358]],[[ 0.07412859,0.14134171], [ 0.06595008,0.14718434], [ 0.0743565, 0.16080777]],[[ 0.12022831,0.16962341], [ 0.1289442, 0.14599693], [ 0.12354305,0.14396338]]]];C:\Users\Steve\Documents\Eclipse Projects\BA_Analysis\results\2016-02-29-18-38_nadja_fitted_0.csv.pdf
2016-03-01 14:50:11.131000;nadja_fitted_0.csv;(0.039794112045524216, {ReservoirNode(input_dim=None, output_dim=400, dtype='float64'): {'input_scaling': 1.0, 'spectral_radius': 0.5, '_instance': 0}, RidgeRegressionNode(input_dim=None, output_dim=None, dtype=None): {'ridge_param': 0.001}});fused;True;gyro;True;acc;True;delta;False;centerAndNormalize;False;_instance;[0];spectral_radius;[ 0.5  0.7  0.9  1.1];input_scaling;[ 0.8  1.   1.2];ridge_param;[0.001, 1];paraList;[[0], array([ 0.5,  0.7,  0.9,  1.1]), array([ 0.8,  1. ,  1.2]), [0.001, 1]];errors;[[[[ 0.04278768,0.19885192], [ 0.03979411,0.19135685], [ 0.04773302,0.20008068]],[[ 0.04726774,0.15295931], [ 0.04927505,0.15701194], [ 0.05987724,0.17428672]],[[ 0.06803259,0.14000416], [ 0.06665003,0.14484785], [ 0.07989734,0.1616944 ]],[[ 0.14012262,0.15651719], [ 0.13966867,0.13809983], [ 0.14252946,0.16198828]]]];C:\Users\Steve\Documents\Eclipse Projects\BA_Analysis\results\2016-03-01-14-50_nadja_fitted_0.csv.pdf
2016-03-01 14:51:09.043000;nadja_fitted_0.csv;(0.044343226684184833, {RidgeRegressionNode(input_dim=None, output_dim=None, dtype=None): {'ridge_param': 0.001}, ReservoirNode(input_dim=None, output_dim=400, dtype='float64'): {'input_scaling': 1.2, 'spectral_radius': 0.5, '_instance': 0}});fused;True;gyro;True;acc;True;delta;False;centerAndNormalize;False;_instance;[0];spectral_radius;[ 0.5  0.7  0.9  1.1];input_scaling;[ 0.8  1.   1.2];ridge_param;[0.001, 1];paraList;[[0.001, 1], [0], array([ 0.5,  0.7,  0.9,  1.1]), array([ 0.8,  1. ,  1.2])];errors;[[[[ 0.05125698,0.0466133, 0.04434323], [ 0.05041325,0.04952124,0.05494924], [ 0.06921727,0.06960983,0.07753619], [ 0.12139424,0.13198264,0.12809838]]], [[[ 0.20210504,0.19680082,0.21107745], [ 0.1661682, 0.16834984,0.168049,], [ 0.1506419, 0.15314985,0.14993348], [ 0.13597918,0.15651799,0.16428776]]]];C:\Users\Steve\Documents\Eclipse Projects\BA_Analysis\results\2016-03-01-14-51_nadja_fitted_0.csv.pdf
2016-03-01 14:53:53.913000;nadja_fitted_0.csv;(0.04199845148572965, {ReservoirNode(input_dim=None, output_dim=400, dtype='float64'): {'input_scaling': 0.80000000000000004, 'spectral_radius': 0.69999999999999996, '_instance': 2}, RidgeRegressionNode(input_dim=None, output_dim=None, dtype=None): {'ridge_param': 0.001}});fused;True;gyro;True;acc;True;delta;False;centerAndNormalize;False;_instance;[0, 1, 2, 3, 4];spectral_radius;[ 0.5  0.7  0.9  1.1];input_scaling;[ 0.8  1.   1.2];ridge_param;[0.001, 1];paraList;[[0, 1, 2, 3, 4], array([ 0.5,  0.7,  0.9,  1.1]), array([ 0.8,  1. ,  1.2]), [0.001, 1]];errors;[[[[ 0.04440217,0.19482461], [ 0.046606,0.19021003], [ 0.05528327,0.21014847]],[[ 0.04592381,0.16013232], [ 0.05735722,0.16691547], [ 0.05525225,0.16924463]],[[ 0.08216613,0.1412663 ], [ 0.07812468,0.13477544], [ 0.0758289, 0.14903812]],[[ 0.14340587,0.14643819], [ 0.12788903,0.1629278 ], [ 0.12658194,0.16566751]]], [[[ 0.04838131,0.19265381], [ 0.04503012,0.20033377], [ 0.04334373,0.1975839 ]],[[ 0.0480967, 0.16250865], [ 0.05616753,0.16305416], [ 0.05595538,0.1812133 ]],[[ 0.07007691,0.1409199 ], [ 0.07076898,0.14435448], [ 0.07481527,0.15442284]],[[ 0.14920746,0.15340608], [ 0.12490007,0.12528305], [ 0.13935015,0.15177983]]], [[[ 0.04714475,0.18717916], [ 0.04234675,0.18928013], [ 0.04622541,0.21459468]],[[ 0.04199845,0.16513022], [ 0.04640791,0.15084024], [ 0.04761663,0.16108399]],[[ 0.05374529,0.14338044], [ 0.05846809,0.1325528 ], [ 0.07172933,0.1500957 ]],[[ 0.13482656,0.16629344], [ 0.12795493,0.1680087 ], [ 0.13389846,0.15401889]]], [[[ 0.045205,0.1896788 ], [ 0.04231642,0.20115888], [ 0.04928085,0.21254321]],[[ 0.0513196, 0.17257954], [ 0.04819518,0.15227243], [ 0.05207858,0.17032361]],[[ 0.07132686,0.14664466], [ 0.0736995, 0.14331041], [ 0.07156394,0.15114986]],[[ 0.13022489,0.15691486], [ 0.12852364,0.15150832], [ 0.14177687,0.16611542]]], [[[ 0.04625834,0.19156841], [ 0.0441503, 0.19739559], [ 0.04263377,0.21635912]],[[ 0.04988032,0.15463319], [ 0.0538499, 0.16252695], [ 0.04495558,0.17597029]],[[ 0.06604128,0.14389688], [ 0.07438163,0.15967627], [ 0.08492588,0.14900283]],[[ 0.12935717,0.15342423], [ 0.13857565,0.15009479], [ 0.14503765,0.15572451]]]];C:\Users\Steve\Documents\Eclipse Projects\BA_Analysis\results\2016-03-01-14-53_nadja_fitted_0.csv.pdf
2016-03-01 15:04:15.385000;nadja_fitted_0.csv;(0.033285025294774569, {ReservoirNode(input_dim=None, output_dim=400, dtype='float64'): {'input_scaling': 0.80000000000000004, 'spectral_radius': 0.5, '_instance': 3}});fused;True;gyro;True;acc;True;delta;False;centerAndNormalize;False;_instance;[0, 1, 2, 3, 4];spectral_radius;[ 0.5  0.7  0.9  1.1];input_scaling;[ 0.8  1.   1.2];paraList;[[0, 1, 2, 3, 4], array([ 0.5,  0.7,  0.9,  1.1]), array([ 0.8,  1. ,  1.2])];errors;[[[ 0.03824124,0.03944564,0.03859247],[ 0.0455952, 0.04467659,0.05717426],[ 0.07186768,0.07550387,0.06994585],[ 0.10263612,0.11956114,0.11998768]], [[ 0.03806331,0.03463609,0.04559483],[ 0.05014826,0.04204444,0.05227578],[ 0.07062086,0.07915992,0.07994315],[ 0.14000559,0.11833872,0.12930894]], [[ 0.03603895,0.03764749,0.04764216],[ 0.04478628,0.04995103,0.05331458],[ 0.06936496,0.06671101,0.0763157 ],[ 0.14249589,0.12111519,0.13485176]], [[ 0.03328503,0.0355788, 0.03885287],[ 0.04540246,0.04723344,0.05807137],[ 0.07209742,0.06739251,0.07097981],[ 0.13363321,0.1423754, 0.13930948]], [[ 0.03418018,0.03697437,0.04187311],[ 0.04258447,0.04849613,0.05222781],[ 0.06244522,0.07412193,0.08117909],[ 0.13352287,0.13117114,0.15372928]]];C:\Users\Steve\Documents\Eclipse Projects\BA_Analysis\results\2016-03-01-15-04_nadja_fitted_0.csv.pdf;;
2016-03-01 15:07:57.234000;nadja_fitted_0.csv;(0.038024647130409692, {ReservoirNode(input_dim=None, output_dim=400, dtype='float64'): {'input_scaling': 0.80000000000000004, 'spectral_radius': 0.59999999999999998, '_instance': 1}});fused;True;gyro;True;acc;True;delta;False;centerAndNormalize;False;_instance;[0, 1];spectral_radius;[ 0.6  0.8  1. ];input_scaling;[ 0.8  1.   1.2];paraList;[[0, 1], array([ 0.6,  0.8,  1. ]), array([ 0.8,  1. ,  1.2])];errors;[[[ 0.04391325,0.04421766,0.0475044 ],[ 0.05293697,0.05008013,0.05905274],[ 0.09962448,0.10143013,0.09969502]], [[ 0.03802465,0.04129537,0.04570239],[ 0.06033721,0.05701156,0.06356388],[ 0.09584207,0.09510115,0.09493247]]];C:\Users\Steve\Documents\Eclipse Projects\BA_Analysis\results\2016-03-01-15-07_nadja_fitted_0.csv.pdf;;
2016-03-01 15:11:09.629000;nadja_fitted_0.csv;(0.042619423738648354, {ReservoirNode(input_dim=None, output_dim=400, dtype='float64'): {'input_scaling': 1.2, 'spectral_radius': 0.59999999999999998, '_instance': 1}, RidgeRegressionNode(input_dim=None, output_dim=None, dtype=None): {'ridge_param': 0.001}});fused;True;gyro;True;acc;True;delta;False;centerAndNormalize;False;_instance;[0, 1];spectral_radius;[ 0.6  0.8  1. ];input_scaling;[ 0.8  1.   1.2];ridge_param;[0.001, 1];paraList;[[0, 1], array([ 0.6,  0.8,  1. ]), array([ 0.8,  1. ,  1.2]), [0.001, 1]];errors;[[[[ 0.04431784,0.18532945], [ 0.04332487,0.18621947], [ 0.05252298,0.19871825]],[[ 0.06006927,0.15285093], [ 0.06127306,0.16232405], [ 0.06341971,0.1687792 ]],[[ 0.09327246,0.13794577], [ 0.08584612,0.13860686], [ 0.08766101,0.14311237]]], [[[ 0.04641729,0.17709036], [ 0.04789196,0.18472526], [ 0.04261942,0.19742647]],[[ 0.05981021,0.16282759], [ 0.06830947,0.16165363], [ 0.05831399,0.16004435]],[[ 0.08889417,0.14028334], [ 0.09482806,0.13066199], [ 0.11019532,0.13522315]]]];C:\Users\Steve\Documents\Eclipse Projects\BA_Analysis\results\2016-03-01-15-11_nadja_fitted_0.csv.pdf
2016-03-01 16:15:14.895000;nadja_fitted_0.csv;(0.035719284413052117, {ReservoirNode(input_dim=None, output_dim=400, dtype='float64'): {'input_scaling': 1.0, 'spectral_radius': 0.59999999999999998, '_instance': 1}});fused;True;gyro;True;acc;True;delta;False;centerAndNormalize;False;_instance;[0, 1];spectral_radius;[ 0.6  0.8  1. ];input_scaling;[ 0.8  1.   1.2];paraList;[[0, 1], array([ 0.6,  0.8,  1. ]), array([ 0.8,  1. ,  1.2])];errors;[[[ 0.0438786, 0.04002691,0.0501095 ],[ 0.05241589,0.05222023,0.05483565],[ 0.0907039, 0.09710829,0.09950713]], [[ 0.04016446,0.03571928,0.04308091],[ 0.04978412,0.06036934,0.05709522],[ 0.08554073,0.10279837,0.09826816]]];C:\Users\Steve\Documents\Eclipse Projects\BA_Analysis\results\2016-03-01-16-15_nadja_fitted_0.csv.pdf;;
2016-03-01 16:17:34.008000;nadja_fitted_0.csv;(0.035949221573607699, {ReservoirNode(input_dim=None, output_dim=400, dtype='float64'): {'input_scaling': 1.0, 'spectral_radius': 0.59999999999999998, '_instance': 1}});fused;True;gyro;True;acc;True;delta;False;centerAndNormalize;False;_instance;[0, 1];spectral_radius;[ 0.6  0.8  1. ];input_scaling;[ 0.8  1.   1.2];paraList;[[0, 1], array([ 0.6,  0.8,  1. ]), array([ 0.8,  1. ,  1.2])];errors;[[[ 0.04405132,0.04140334,0.04853972],[ 0.05417011,0.04956334,0.06448134],[ 0.09842858,0.08943285,0.10469292]], [[ 0.04194489,0.03594922,0.04363574],[ 0.05682954,0.05924148,0.06427638],[ 0.09293188,0.09273246,0.1101581 ]]];C:\Users\Steve\Documents\Eclipse Projects\BA_Analysis\results\2016-03-01-16-17_nadja_fitted_0.csv.pdf;;
2016-03-01 16:22:22.827000;nadja_fitted_0.csv;(0.03834477860897495, {ReservoirNode(input_dim=None, output_dim=400, dtype='float64'): {'input_scaling': 1.0, 'spectral_radius': 0.59999999999999998, '_instance': 0}});fused;True;gyro;True;acc;True;delta;False;centerAndNormalize;False;_instance;[0, 1];spectral_radius;[ 0.6  0.8  1. ];input_scaling;[ 0.8  1.   1.2];paraList;[[0, 1], array([ 0.6,  0.8,  1. ]), array([ 0.8,  1. ,  1.2])];errors;[[[ 0.03841829,0.03834478,0.05588027],[ 0.05470617,0.05901404,0.05651469],[ 0.08659785,0.08397849,0.09434616]], [[ 0.04475804,0.04076681,0.04300224],[ 0.0622662, 0.05598456,0.06713489],[ 0.1050503, 0.07633018,0.09403822]]];C:\Users\Steve\Documents\Eclipse Projects\BA_Analysis\results\2016-03-01-16-22_nadja_fitted_0.csv.pdf;;
2016-03-01 16:23:20.948000;nadja_fitted_0.csv;(0.033838936499916893, {ReservoirNode(input_dim=None, output_dim=400, dtype='float64'): {'input_scaling': 0.80000000000000004, 'spectral_radius': 0.59999999999999998, '_instance': 0}});fused;True;gyro;True;acc;True;delta;False;centerAndNormalize;False;_instance;[0, 1];spectral_radius;[ 0.6  0.8  1. ];input_scaling;[ 0.8  1.   1.2];paraList;[[0, 1], array([ 0.6,  0.8,  1. ]), array([ 0.8,  1. ,  1.2])];errors;[[[ 0.03383894,0.04423718,0.04248788],[ 0.05515715,0.06249068,0.05703114],[ 0.09131087,0.09435716,0.10389485]], [[ 0.04075226,0.04527335,0.04216606],[ 0.06204511,0.05528572,0.06619978],[ 0.10372217,0.09291381,0.10956762]]];C:\Users\Steve\Documents\Eclipse Projects\BA_Analysis\results\2016-03-01-16-23_nadja_fitted_0.csv.pdf;;
2016-03-01 16:25:34.188000;nadja_fitted_0.csv;(0.037473219363875938, {ReservoirNode(input_dim=None, output_dim=400, dtype='float64'): {'input_scaling': 0.80000000000000004, 'spectral_radius': 0.59999999999999998, '_instance': 0}});fused;True;gyro;True;acc;True;delta;False;centerAndNormalize;False;_instance;[0, 1];spectral_radius;[ 0.6  0.8  1. ];input_scaling;[ 0.8  1.   1.2];paraList;[[0, 1], array([ 0.6,  0.8,  1. ]), array([ 0.8,  1. ,  1.2])];errors;[[[ 0.03747322,0.04006365,0.05319644],[ 0.0497887, 0.05057413,0.06598822],[ 0.08946, 0.08892268,0.09441199]], [[ 0.04313842,0.04251215,0.0478598 ],[ 0.06185584,0.05037756,0.06219003],[ 0.10312456,0.08950104,0.10593039]]];C:\Users\Steve\Documents\Eclipse Projects\BA_Analysis\results\2016-03-01-16-25_nadja_fitted_0.csv.pdf;;
2016-03-01 16:30:14.827000;nadja_fitted_0.csv;(0.037216484564867286, {ReservoirNode(input_dim=None, output_dim=400, dtype='float64'): {'input_scaling': 1.1000000000000001, 'spectral_radius': 0.59999999999999998, '_instance': 1}});fused;True;gyro;True;acc;True;delta;False;centerAndNormalize;False;_instance;[0, 1];spectral_radius;[ 0.6  0.7  0.8  0.9  1.   1.1];input_scaling;[ 0.8  0.9  1.   1.1  1.2  1.3];paraList;[[0, 1], array([ 0.6,  0.7,  0.8,  0.9,  1. ,  1.1]), array([ 0.8,  0.9,  1. ,  1.1,  1.2,  1.3])];errors;[[[ 0.04352877,0.03830541,0.04277246,0.04553754,0.05454746,0.05537848],[ 0.05048843,0.04454634,0.04435707,0.04895187,0.05657515,0.04693169],[ 0.05373469,0.05112333,0.06280527,0.05511274,0.06788658,0.07440333],[ 0.06807082,0.06879244,0.06756503,0.06742936,0.06610238,0.08660981],[ 0.0957662, 0.09542475,0.08654475,0.09759633,0.11110667,0.10444165],[ 0.12127772,0.12663862,0.13131848,0.12613775,0.13326062,0.13630555]], [[ 0.04106102,0.03966871,0.03844116,0.03721648,0.04234826,0.05706601],[ 0.0430369, 0.04661578,0.04300577,0.04864147,0.05105897,0.05356734],[ 0.05658604,0.05738616,0.05511818,0.05659559,0.05896056,0.08008231],[ 0.06489935,0.06375135,0.06960648,0.06061045,0.08160601,0.0827375 ],[ 0.08353139,0.0913777, 0.10788973,0.10286236,0.10201415,0.09648802],[ 0.12421065,0.1243414, 0.12049502,0.13296942,0.14892418,0.1288141 ]]];C:\Users\Steve\Documents\Eclipse Projects\BA_Analysis\results\2016-03-01-16-30_nadja_fitted_0.csv.pdf;;
2016-03-01 16:40:11.586000;nadja_fitted_0.csv;(0.039928634416583481, {RidgeRegressionNode(input_dim=None, output_dim=None, dtype=None): {'ridge_param': 0.001}, ReservoirNode(input_dim=None, output_dim=400, dtype='float64'): {'input_scaling': 1.0, 'spectral_radius': 0.59999999999999998, '_instance': 0}});fused;True;gyro;True;acc;True;delta;False;centerAndNormalize;False;_instance;[0, 1];spectral_radius;[ 0.6  0.8  1. ];input_scaling;[ 0.8  1.   1.2];ridge_param;[0.001, 0.1, 1];paraList;[[0.001, 0.1, 1], [0, 1], array([ 0.6,  0.8,  1. ]), array([ 0.8,  1. ,  1.2])];errors;[[[[ 0.04035735,0.03992863,0.04355868], [ 0.05561172,0.05733672,0.06351113], [ 0.08075063,0.08988191,0.10604951]],[[ 0.04663738,0.04515753,0.04731341], [ 0.05173037,0.06331407,0.05667485], [ 0.08842197,0.08692565,0.11192017]]], [[[ 0.10070931,0.10317503,0.1128297 ], [ 0.08808753,0.09563316,0.0930161 ], [ 0.10668706,0.09733749,0.10115803]],[[ 0.09845035,0.09838354,0.11175958], [ 0.09466325,0.09232525,0.09586411], [ 0.10720739,0.10945883,0.09847441]]], [[[ 0.1888857, 0.18058517,0.1905811 ], [ 0.15410459,0.15426762,0.16411416], [ 0.13582062,0.15172774,0.13558418]],[[ 0.17577614,0.18144936,0.20198254], [ 0.15760654,0.15689639,0.15477835], [ 0.15104669,0.14998132,0.14396551]]]];C:\Users\Steve\Documents\Eclipse Projects\BA_Analysis\results\2016-03-01-16-40_nadja_fitted_0.csv.pdf
2016-03-01 16:42:12.356000;nadja_fitted_0.csv;(0.037526560882653111, {ReservoirNode(input_dim=None, output_dim=400, dtype='float64'): {'input_scaling': 1.0, 'spectral_radius': 0.59999999999999998, '_instance': 0}, RidgeRegressionNode(input_dim=None, output_dim=None, dtype=None): {'ridge_param': 0.001}});fused;True;gyro;True;acc;True;delta;False;centerAndNormalize;False;_instance;[0, 1];spectral_radius;[ 0.6  0.8  1. ];input_scaling;[ 0.8  1.   1.2];ridge_param;[0.001, 0.1, 1];paraList;[[0, 1], array([ 0.6,  0.8,  1. ]), array([ 0.8,  1. ,  1.2]), [0.001, 0.1, 1]];errors;[[[[ 0.04243423,0.10604466,0.17998973], [ 0.03752656,0.09986453,0.17860064], [ 0.04098858,0.11230698,0.19252177]],[[ 0.06081646,0.09605456,0.14918587], [ 0.05956932,0.08593514,0.14457151], [ 0.0675804, 0.09831327,0.15277874]],[[ 0.09052171,0.11752942,0.14745937], [ 0.11112472,0.11421318,0.15120353], [ 0.10307314,0.11783437,0.14931155]]], [[[ 0.04360034,0.10152021,0.16943872], [ 0.04193362,0.09938994,0.17094777], [ 0.04367823,0.10772669,0.19444706]],[[ 0.04981484,0.09391875,0.14617369], [ 0.05355902,0.09254134,0.15119766], [ 0.06871858,0.09683391,0.15785244]],[[ 0.08083756,0.10570913,0.14388082], [ 0.09022094,0.1068379, 0.14395639], [ 0.09033941,0.10137168,0.15213086]]]];C:\Users\Steve\Documents\Eclipse Projects\BA_Analysis\results\2016-03-01-16-42_nadja_fitted_0.csv.pdf
--------------------------------------------------------------------------------------------------';;;;;;;;;;;;;;;;;;;;;;;;;
2016-03-01 17:15:07.580000;nadja_fitted_0.csv;(0.0069854130830999256, {ReservoirNode(input_dim=None, output_dim=400, dtype='float64'): {'input_scaling': 1.2, 'spectral_radius': 0.80000000000000004, '_instance': 1}, RidgeRegressionNode(input_dim=None, output_dim=None, dtype=None): {'ridge_param': 0.001}});fused;True;gyro;True;acc;True;delta;False;centerAndNormalize;False;_instance;[0, 1];spectral_radius;[ 0.6  0.8  1. ];input_scaling;[ 0.8  1.   1.2];ridge_param;[0.001, 0.1, 1];paraList;[[0, 1], array([ 0.6,  0.8,  1. ]), array([ 0.8,  1. ,  1.2]), [0.001, 0.1, 1]];errors;[[[[ 0.01269413,0.06854857,0.12652972], [ 0.01062077,0.05929594,0.11920379], [ 0.01017878,0.04954792,0.11910039]],[[ 0.00826223,0.05171354,0.10048404], [ 0.00789763,0.04766105,0.10158415], [ 0.00760208,0.04557396,0.1017857 ]],[[ 0.01729443,0.05537196,0.08729354], [ 0.02164012,0.04624046,0.0871034 ], [ 0.0166522, 0.0485895, 0.09051566]]], [[[ 0.01168602,0.06502944,0.12006231], [ 0.00963802,0.05874268,0.11196812], [ 0.00991597,0.05322664,0.11299518]],[[ 0.00910942,0.0499869, 0.10534894], [ 0.00974805,0.04780398,0.09441552], [ 0.00698541,0.04646095,0.09622357]],[[ 0.01713723,0.05056746,0.09884, ], [ 0.02312451,0.04853359,0.08829846], [ 0.01476649,0.04451038,0.09696979]]]];=HYPERLINK("C:\Users\Steve\Documents\Eclipse Projects\BA_Analysis\results\2016-03-01-17-15_nadja_fitted_0.csv.pdf")
2016-03-01 17:54:26.546000;nadja_fitted_0.csv;(0.032421190607802824, {RidgeRegressionNode(input_dim=None, output_dim=None, dtype=None): {'ridge_param': 0.001}, ReservoirNode(input_dim=None, output_dim=400, dtype='float64'): {'input_scaling': 1.0, 'spectral_radius': 0.59999999999999998, '_instance': 1}});fused;True;gyro;True;acc;True;delta;False;centerAndNormalize;False;_instance;[0, 1];spectral_radius;[ 0.6  0.8  1. ];input_scaling;[ 0.8  1.   1.2];ridge_param;[0.001, 0.1, 1];paraList;[[0.001, 0.1, 1], [0, 1], array([ 0.6,  0.8,  1. ]), array([ 0.8,  1. ,  1.2])];errors;[[[[ 0.03985596,0.04990202,0.03642685], [ 0.07481771,0.04671394,0.05387411], [ 0.09887174,0.09991571,0.11787105]],[[ 0.04274486,0.03242119,0.04947714], [ 0.05938936,0.0610441, 0.05416185], [ 0.12456048,0.10098775,0.09637504]]], [[[ 0.08532624,0.08955584,0.08479052], [ 0.30525653,0.08580599,0.08569572], [ 0.10793125,0.11543939,0.11190996]],[[ 0.09772309,0.08705485,0.08380654], [ 0.08285546,0.09733399,0.07832895], [ 0.11667928,0.11745001,0.12320577]]], [[[ 0.16513353,0.17202975,0.1688043 ], [ 0.14732949,0.1539653, 0.16410041], [ 0.17306958,0.16135895,0.17676099]],[[ 0.16403281,0.16205175,0.164841,], [ 0.14308294,0.1491715, 0.15383835], [ 0.16849051,0.17751305,0.18687853]]]];=HYPERLINK("C:\Users\Steve\Documents\Eclipse Projects\BA_Analysis\results\2016-03-01-17-54_nadja_fitted_0.csv.pdf")
2016-03-01 17:58:00.386000;nadja_fitted_0.csv;(0.029240192203156129, {ReservoirNode(input_dim=None, output_dim=400, dtype='float64'): {'input_scaling': 1.2, 'spectral_radius': 0.59999999999999998, '_instance': 1}, RidgeRegressionNode(input_dim=None, output_dim=None, dtype=None): {'ridge_param': 0.001}});fused;True;gyro;True;acc;True;delta;False;centerAndNormalize;False;_instance;[0, 1, 2, 3, 4];spectral_radius;[ 0.6  0.8  1. ];input_scaling;[ 0.8  1.   1.2];ridge_param;[0.001, 0.1, 1];paraList;[[0.001, 0.1, 1], [0, 1, 2, 3, 4], array([ 0.6,  0.8,  1. ]), array([ 0.8,  1. ,  1.2])];errors;[[[[ 0.03191448,0.03596674,0.04037787], [ 0.09482764,0.04705395,0.06430851], [ 0.1071112, 0.09130447,0.12992299]],[[ 0.02998728,0.03334447,0.02924019], [ 0.05115287,0.05123338,0.04344037], [ 0.12609678,0.10550752,0.10230358]],[[ 0.0354559, 0.0442152, 0.03436106], [ 0.04641582,0.04713374,0.05603211], [ 0.07975767,0.1066981, 0.11506746]],[[ 0.04476203,0.04266055,0.03899702], [ 0.05382856,0.04638496,0.07343969], [ 0.09359151,0.11793469,0.111, ]],[[ 0.04866857,0.03805856,0.05255167], [ 0.05076076,0.05069438,0.05670847], [ 0.10010094,0.10616358,0.10321117]]], [[[ 0.09016681,0.080891,0.08680223], [ 0.09177512,0.08750412,0.08365903], [ 0.11899472,0.1245185, 0.11244437]],[[ 0.09291734,0.07763732,0.07708461], [ 0.08966187,0.10150274,0.08564815], [ 0.11746658,0.1185127, 0.1278317 ]],[[ 0.09136342,0.0852681, 0.08515736], [ 0.09228029,0.0894984, 0.09255265], [ 0.11771986,0.13373757,0.1229272 ]],[[ 0.08858861,0.08532378,0.08213145], [ 0.08633011,0.09835493,0.0817471 ], [ 0.11499627,0.11989872,0.11453152]],[[ 0.09204045,0.08912491,0.08490309], [ 0.08426037,0.09248715,0.08526307], [ 0.10639257,0.12531167,0.11547608]]], [[[ 0.15418599,0.1607985, 0.17678348], [ 0.16383444,0.15009922,0.16688771], [ 0.16118735,0.22589764,0.17266275]],[[ 0.16704475,0.16371029,0.18689434], [ 0.15466132,0.14603049,0.19807462], [ 0.15216024,0.15977329,0.21418326]],[[ 0.1691106, 0.16106334,0.17490258], [ 0.15704193,0.16389077,0.15585709], [ 0.15911595,0.16447499,0.16513627]],[[ 0.16268254,0.17370077,0.18397007], [ 0.15555377,0.15920505,0.19281955], [ 0.15009416,0.17501381,0.18808742]],[[ 0.18459923,0.15737442,0.17197623], [ 0.15995731,0.14795695,0.15084015], [ 0.15877812,0.18276612,0.17461069]]]];=HYPERLINK("C:\Users\Steve\Documents\Eclipse Projects\BA_Analysis\results\2016-03-01-17-58_nadja_fitted_0.csv.pdf")
2016-03-01 18:03:56.410000;nadja_fitted_0.csv;(0.01640082890280262, {RidgeRegressionNode(input_dim=None, output_dim=None, dtype=None): {'ridge_param': 0.0001}, ReservoirNode(input_dim=None, output_dim=400, dtype='float64'): {'input_scaling': 1.2, 'spectral_radius': 0.40000000000000002, '_instance': 1}});fused;True;gyro;True;acc;True;delta;False;centerAndNormalize;False;_instance;[0, 1, 2, 3, 4];spectral_radius;[ 0.2  0.4  0.6  0.8];input_scaling;[ 0.8  1.   1.2];ridge_param;[0.0001, 0.001, 0.01];paraList;[[0.0001, 0.001, 0.01], [0, 1, 2, 3, 4], array([ 0.2,  0.4,  0.6,  0.8]), array([ 0.8,  1. ,  1.2])];errors;[[[[ 0.02110543,0.027496,0.02079471], [ 0.04661122,0.02651469,0.02890318], [ 0.08192563,0.02530962,0.03148392], [ 0.04511258,0.04911604,0.06212089]],[[ 0.0243377, 0.02086716,0.02809186], [ 0.03658765,0.01649419,0.01640083], [ 0.02106305,0.04366651,0.02191073], [ 0.04569119,0.05332995,0.0648285 ]],[[ 0.0313576, 0.02810062,0.02581666], [ 0.02558239,0.01733257,0.0333891 ], [ 0.03141601,0.03437194,0.0255739 ], [ 0.0450766, 0.04857876,0.05439178]],[[ 0.02621164,0.023455,0.02106131], [ 0.01930006,0.02380091,0.02137925], [ 0.03299159,0.03729282,0.02283891], [ 0.0645856, 0.05461332,0.0450583 ]],[[ 0.02705558,0.03074492,0.02289118], [ 0.02590996,0.02968987,0.02476852], [ 0.02672524,0.0402675, 0.02139761], [ 0.03584975,0.05161106,0.0494562 ]]], [[[ 0.04784532,0.03956539,0.04608601], [ 0.03250924,0.03145866,0.31114451], [ 0.03262361,0.03936875,0.04152043], [ 0.05280408,0.05127076,0.04670591]],[[ 0.05265703,0.03805545,0.03299193], [ 0.03518028,0.03695614,0.03365132], [ 0.03122437,0.03732661,0.04095673], [ 0.05054248,0.05527967,0.04654858]],[[ 0.04791235,0.05486125,0.03591095], [ 0.03977813,0.03391029,0.03339296], [ 0.03471268,0.02794085,0.03298756], [ 0.05233501,0.06098757,0.05889702]],[[ 0.0499108, 0.04384557,0.04232567], [ 0.04898462,0.0447212, 0.0283015 ], [ 0.02822891,0.57423211,0.03561101], [ 0.04526151,0.05846283,0.05975019]],[[ 0.04416146,0.04397508,0.03718708], [ 0.03579151,0.03228521,0.02863946], [ 0.04519458,0.02995479,0.02850015], [ 0.0470613, 0.0447754, 0.04762305]]], [[[ 0.08000803,0.08262339,0.07272216], [ 0.07188909,0.06422608,0.05649263], [ 0.05554788,0.04952271,0.05306556], [ 0.0592546, 0.06077352,0.06398343]],[[ 0.09876234,0.07550457,0.06705337], [ 0.06455828,0.05496061,0.05411827], [ 0.05694041,0.06144751,0.05072129], [ 0.0560059, 0.05504582,0.06874037]],[[ 0.09093491,0.07049061,0.07101287], [ 0.06714274,0.05189866,0.05366144], [ 0.05442512,0.0504133, 0.04932528], [ 0.05983468,0.05941789,0.06855267]],[[ 0.0789618, 0.08664663,0.07166424], [ 0.05862576,0.06041833,0.06687287], [ 0.05316234,0.05612577,0.05010047], [ 0.05488077,0.05944316,0.06266791]],[[ 0.08434869,0.08061814,0.46015298], [ 0.07406234,0.05067318,0.05930966], [ 0.05845863,0.05360091,0.05438644], [ 0.05068447,0.05159479,0.06024689]]]];=HYPERLINK("C:\Users\Steve\Documents\Eclipse Projects\BA_Analysis\results\2016-03-01-18-03_nadja_fitted_0.csv.pdf")
2016-03-01 18:10:10.523000;nadja_fitted_0.csv;(0.0061634844385454425, {RidgeRegressionNode(input_dim=None, output_dim=None, dtype=None): {'ridge_param': 1e-08}, ReservoirNode(input_dim=None, output_dim=400, dtype='float64'): {'input_scaling': 1.2, 'spectral_radius': 0.20000000000000001, '_instance': 3}});fused;True;gyro;True;acc;True;delta;False;centerAndNormalize;False;_instance;[0, 1, 2, 3, 4];spectral_radius;[ 0.2  0.4  0.6  0.8];input_scaling;[ 0.8  1.   1.2];ridge_param;[1e-08, 1e-05, 0.0001];paraList;[[1e-08, 1e-05, 0.0001], [0, 1, 2, 3, 4], array([ 0.2,  0.4,  0.6,  0.8]), array([ 0.8,  1. ,  1.2])];errors;[[[[ 0.01000309,0.02566524,0.01115851], [ 0.01202985,0.01715417,0.07595257], [ 0.0169401, 0.02930401,0.03614345], [ 0.03816116,0.05482862,0.05509716]],[[ 0.01083992,0.02520377,0.04499603], [ 0.02075687,0.05212496,0.04007021], [ 0.01936947,0.04586585,0.02074103], [ 0.06017853,0.05693378,0.05052455]],[[ 0.00835283,0.00964279,0.00676727], [ 0.01980208,0.03322518,0.02765488], [ 0.04156569,0.03407334,0.03045046], [ 0.04980993,0.06543839,0.04357839]],[[ 0.04733625,0.01762154,0.00616348], [ 0.02318315,0.02446783,0.00829131], [ 0.03028995,0.03077996,0.0230629 ], [ 0.05752667,0.04493926,0.07286875]],[[ 0.0208174, 0.05662071,0.01107176], [ 0.01517147,0.04601576,0.03789536], [ 0.02216768,0.0221029, 0.03284206], [ 0.07046627,0.04499573,0.04907313]]], [[[ 0.01912825,0.01940361,0.01490479], [ 0.04263646,0.01226998,0.0474073 ], [ 0.02090181,0.02531902,0.03744528], [ 0.05238561,0.06072219,0.05089413]],[[ 0.01313901,0.01251671,0.01183135], [ 0.0170107, 0.0121618, 0.0610268 ], [ 0.02616267,0.02304178,0.05388582], [ 0.09263977,0.04786792,0.05749807]],[[ 0.01819066,0.01288426,0.01226958], [ 0.01804778,0.01395872,0.01134501], [ 0.05202504,0.02239696,0.02203378], [ 0.05856231,0.04648139,0.06592986]],[[ 0.02561936,0.02834992,0.01786865], [ 0.03655087,0.02758967,0.03818865], [ 0.03672389,0.07793057,0.05042429], [ 0.05304096,0.05353719,0.05917935]],[[ 0.03658764,0.01982705,0.30713363], [ 0.01656054,1.03209387,0.01872713], [ 0.02283211,0.05946834,0.04793004], [ 0.06236089,0.05193505,0.04690298]]], [[[ 0.0314073, 0.03228493,0.02125783], [ 0.02987098,0.05340324,0.01730722], [ 0.03078568,0.03123319,0.03271586], [ 0.06354321,0.04444678,0.06542056]],[[ 0.03094942,0.02538225,0.02913903], [ 0.02011832,0.02289683,0.0233827 ], [ 0.03549415,0.03882072,0.02756809], [ 0.04819324,0.07355057,0.05693322]],[[ 0.03785804,0.03386813,0.02902981], [ 0.02450807,0.01672543,0.0185512 ], [ 0.0324906, 0.03298701,0.03249396], [ 0.04695676,0.05034789,0.04660011]],[[ 0.03506445,0.0240139, 0.02007519], [ 0.02125985,0.01715299,0.01894827], [ 0.08887105,0.02925848,0.02432138], [ 0.04648091,0.04537507,0.07228339]],[[ 0.04028119,0.02201159,0.01658748], [ 0.02192389,0.02089714,0.0196546 ], [ 0.02309585,0.03123246,0.04514136], [ 0.05535074,0.05794017,0.05689219]]]];=HYPERLINK("C:\Users\Steve\Documents\Eclipse Projects\BA_Analysis\results\2016-03-01-18-10_nadja_fitted_0.csv.pdf")
2016-03-01 18:18:20.902000;nadja_fitted_0.csv;(0.0024815066532886038, {RidgeRegressionNode(input_dim=None, output_dim=None, dtype=None): {'ridge_param': 1e-08}, ReservoirNode(input_dim=None, output_dim=400, dtype='float64'): {'output_dim': 400, 'input_scaling': 1.2, 'spectral_radius': 0.20000000000000001, '_instance': 3}});fused;True;gyro;True;acc;True;delta;False;centerAndNormalize;False;ridge_param;;ridge_param;[1e-08, 0.0001, 0.1];paraList;[[1e-08, 0.0001, 0.1], [4, 40, 400], [0, 1, 2, 3, 4], array([ 0.2,  0.4,  0.6,  0.8]), array([ 0.8,  1. ,  1.2])];errors;[[[[[ 0.94085654,0.95065684,0.96108374],[ 0.94628929,0.95816441,0.95776057],[ 0.94911494,0.9521031, 0.95161046],[ 0.95489708,0.95513138,0.94578983]], [[ 0.96766211,0.94864628,0.95526815],[ 0.95390761,0.95695097,0.94017948],[ 0.94766465,0.95835939,0.94956487],[ 0.96875357,0.94226305,0.94353384]], [[ 0.95576012,0.96057664,0.94852159],[ 0.9548419, 0.94726037,0.96036401],[ 0.94823216,0.95096634,0.96615258],[ 0.95514053,0.9570265, 0.96470285]], [[ 0.93184657,0.97650413,0.94893527],[ 0.9355387, 0.9628723, 0.94978914],[ 0.96272575,0.95277093,0.96126337],[ 0.94111467,0.95448377,0.9690974 ]], [[ 0.95150207,0.96512467,0.94662182],[ 0.95497325,0.95920386,0.9628365 ],[ 0.94659443,0.95255905,0.94117845],[ 0.95560915,0.93356927,0.94490413]]],[[[ 0.80351171,0.81386987,0.83624022],[ 0.83546499,0.79952167,0.80150042],[ 0.77726181,0.80521461,0.80644882],[ 0.80943266,0.78842531,0.81426291]], [[ 0.81735999,0.78872796,0.8259682 ],[ 0.78097934,0.81180191,0.82119426],[ 0.79581315,0.79803452,0.81563618],[ 0.78708375,0.81269596,0.79014161]], [[ 0.80661471,0.8312923, 0.80075716],[ 0.7869695, 0.78803046,0.8276592 ],[ 0.81537147,0.82616422,0.81237835],[ 0.7672324, 0.78952385,0.78346414]], [[ 0.81072027,0.80391283,0.80971421],[ 0.78875939,0.81937784,0.82030921],[ 0.8088552, 0.82809775,0.78134357],[ 0.78796358,0.8095575, 0.79914219]], [[ 0.80763681,0.82951324,0.88291746],[ 0.7949833, 0.80279301,0.83050824],[ 0.78162203,0.78544576,0.79954364],[ 0.78763861,0.78944447,0.82573976]]],[[[ 0.01813567,0.03510955,0.00689017],[ 0.0624406, 0.03212984,0.02135324],[ 0.03521242,0.02379511,0.02972004],[ 0.05704055,0.07065954,0.04465652]], [[ 0.00480737,0.02323334,0.0074644 ],[ 0.0647628, 0.01905226,0.02768165],[ 0.03859268,0.02839158,0.04856174],[ 0.05055797,0.04526086,0.07063196]], [[ 0.01878709,0.01571894,0.01774567],[ 0.01497803,0.01684577,0.06471866],[ 0.02982012,0.04342746,0.05020453],[ 0.05571148,0.05425144,0.04875745]], [[ 0.00554761,0.00875342,0.00248151],[ 0.11601604,0.03498073,0.05142573],[ 0.03077184,0.03188514,0.04607531],[ 0.05034116,0.04148919,0.04717363]], [[ 0.0417783, 0.01008449,0.02193973],[ 0.0145131, 0.03835274,0.03438398],[ 0.07388978,0.03558119,0.02018924],[ 0.04270903,0.0526672, 0.06073054]]]], [[[[ 0.94810459,0.94867155,0.94892512],[ 0.94206857,0.9626952, 0.94770681],[ 0.95945298,0.9437866, 0.95618712],[ 0.9479777, 0.96881281,0.95388373]], [[ 0.95012763,0.94237152,0.95476572],[ 0.96113711,0.93251745,0.95487519],[ 0.95385504,0.94148294,0.94492098],[ 0.95419241,0.95216554,0.94267334]], [[ 0.95266524,0.9405127, 0.96571085],[ 0.96430922,0.94492956,0.95306019],[ 0.93281558,0.94876299,0.95716492],[ 0.93719107,0.95977872,0.94737796]], [[ 0.95740217,0.94954924,0.96795765],[ 0.96121258,0.96378742,0.94340233],[ 0.96360039,0.97018921,0.94607035],[ 0.96514298,0.97880517,0.93701386]], [[ 0.94758282,0.96631247,0.95966454],[ 0.97860558,0.93824155,0.95078238],[ 0.94208839,0.96407887,0.95096578],[ 0.96038537,0.91974497,0.97051533]]],[[[ 0.83317538,0.80862524,0.82813216],[ 0.78434205,0.78418445,0.82594071],[ 0.76751993,0.7650475, 0.81413926],[ 0.78637444,0.81278304,0.8066938 ]], [[ 0.79652316,0.78688746,0.82981424],[ 0.82223083,0.80062547,0.8248615 ],[ 0.80472899,0.81525201,0.81244561],[ 0.76582295,0.77706776,0.81157209]], [[ 0.83323534,0.83787622,0.83658658],[ 0.7995106, 0.81668027,0.81242082],[ 0.74412446,0.79264471,0.80216151],[ 0.79264197,0.79184259,0.81790519]], [[ 0.80465151,0.82193808,0.83014573],[ 0.83086108,0.79909418,0.80795383],[ 0.78312376,0.80984066,0.83980069],[ 0.7673265, 0.8208035, 0.84026951]], [[ 0.81201109,0.82402167,0.82709736],[ 0.79506543,0.78875969,0.82053244],[ 0.80689768,0.79929092,0.81953031],[ 0.78320293,0.79833217,0.80926479]]],[[[ 0.02505203,0.0186804, 0.02783521],[ 0.02525885,0.02217493,0.02157106],[ 0.02716855,0.03043801,0.03250953],[ 0.03937366,0.04449435,0.05867179]], [[ 0.02715881,0.03099618,0.02110537],[ 0.02120587,0.59328917,0.01684523],[ 0.02723319,0.03119777,0.0274055 ],[ 0.06254462,0.05220851,0.05603955]], [[ 0.02726141,0.02370525,0.03103405],[ 0.02853656,0.01653336,0.02992631],[ 0.03092653,0.04464525,0.02720558],[ 0.0543093, 0.0765893, 0.05278811]], [[ 0.02996365,0.02589312,0.02339215],[ 0.0292711, 0.02712874,0.01652645],[ 0.02402167,0.03309146,0.02756442],[ 0.0723444, 0.04579095,0.05098303]], [[ 0.02873445,0.02461832,0.02385938],[ 0.0229056, 0.02997903,0.01788699],[ 0.02851624,0.02250503,0.03529008],[ 0.0500465, 0.06052745,0.04999231]]]], [[[[ 0.9640038, 0.9627066, 0.96132151],[ 0.93319588,0.95369598,0.96087399],[ 0.96041533,0.93530978,0.96094568],[ 0.93343054,0.94708616,0.96207189]], [[ 0.97951654,0.9319563, 0.9513705 ],[ 0.95680561,0.95002575,0.95793332],[ 0.96008935,0.95085898,0.95310062],[ 0.96949146,0.95242921,0.95626293]], [[ 0.9765998, 0.96506053,0.96327762],[ 0.9533793, 0.9418661, 0.94541575],[ 0.92203042,0.95422191,0.95499186],[ 0.95667212,0.95534734,0.96214164]], [[ 0.96506437,0.94589796,0.96631715],[ 0.95719243,0.95790629,0.97429906],[ 0.96181473,0.95071762,0.94955055],[ 0.94385105,0.96146436,0.96262055]], [[ 0.95548325,0.95202161,0.94328421],[ 0.97739404,0.95664136,0.95823255],[ 0.95792244,0.96891726,0.9546981 ],[ 0.96928861,0.95358304,0.95108031]]],[[[ 0.82924596,0.82552255,0.87276843],[ 0.81283016,0.80234133,0.81880066],[ 0.79427147,0.8136531, 0.81798886],[ 0.79715811,0.79576916,0.80077203]], [[ 0.82175658,0.83511035,0.80874083],[ 0.81537469,0.78739232,0.83283234],[ 0.79782722,0.83191241,0.80350579],[ 0.78835098,0.80091293,0.79287993]], [[ 0.78912008,0.82076305,0.8269459 ],[ 0.80151245,0.81539703,0.80251734],[ 0.772783,0.80744644,0.81189609],[ 0.77364118,0.83652979,0.78406221]], [[ 0.82603001,0.82303506,0.82422331],[ 0.8092033, 0.80018888,0.82100005],[ 0.79161684,0.80981315,0.82912026],[ 0.77011397,0.83126406,0.79891626]], [[ 0.79645403,0.81284049,0.8360563 ],[ 0.78989754,0.7981517, 0.80994923],[ 0.77565527,0.82776637,0.80010705],[ 0.83562587,0.77942994,0.79712023]]],[[[ 0.14919919,0.14573466,0.14741848],[ 0.09830739,0.09805646,0.111956,],[ 0.08491949,0.09337071,0.08861519],[ 0.09085632,0.08306886,0.10448188]], [[ 0.17004413,0.14056461,0.15470036],[ 0.11119447,0.10745013,0.10534444],[ 0.09083202,0.08782355,0.08318171],[ 0.08088607,0.0838528, 0.07749518]], [[ 0.15163264,0.13808183,0.1531762 ],[ 0.11123425,0.10893527,0.12116949],[ 0.08969897,0.08731805,0.08700183],[ 0.09255216,0.08997473,0.09260536]], [[ 0.15820962,0.15426425,0.14355907],[ 0.10757685,0.09958762,0.10229898],[ 0.09060809,0.08894364,0.08285803],[ 0.08062284,0.08000827,0.08872512]], [[ 0.1684141, 0.14986076,0.16507364],[ 0.10356413,0.11655623,0.0975187 ],[ 0.09034677,0.07932638,0.09076231],[ 0.07996517,0.09769612,0.08122978]]]]];=HYPERLINK("C:\Users\Steve\Documents\Eclipse Projects\BA_Analysis\results\2016-03-01-18-18_nadja_fitted_0.csv.pdf")
2016-03-03 11:53:33.443000;nadja_fitted_10.csv;(0.5956091784717481, {ReservoirNode(input_dim=None, output_dim=400, dtype='float64'): {'output_dim': 40, 'input_scaling': 0.80000000000000004, 'spectral_radius': 0.80000000000000004, '_instance': 1}, RidgeRegressionNode(input_dim=None, output_dim=None, dtype=None): {'ridge_param': 0.1}});fused;True;gyro;True;acc;True;output_dim;[4, 40, 400];_instance;[0, 1, 2, 3, 4];spectral_radius;[ 0.2  0.4  0.6  0.8];input_scaling;[ 0.8  1.   1.2];ridge_param;[1e-08, 0.0001, 0.1];paraList;[[4, 40, 400], [0, 1, 2, 3, 4], array([ 0.2,  0.4,  0.6,  0.8]), array([ 0.8,  1. ,  1.2]), [1e-08, 0.0001, 0.1]];errors;[[[[[,0.84531272, 0.83425059, 0.9000052 ],[,0.93827553, 0.90151399, 0.80439276],[,0.80487541, 0.86140323, 0.83166517]], [[,0.85082497, 0.87373211, 0.85754608],[,0.82548052, 0.83647995, 0.80184337],[,0.81204343, 0.83763014, 0.91096555]], [[,0.80586827, 0.87567139, 0.91492867],[,0.839912, 0.87870047, 0.79917521],[,0.89932605, 0.77360828, 0.88936839]], [[,0.8208025,0.78066048, 0.9571504 ],[,0.84970348, 0.87049786, 0.83691165],[,0.92815964, 0.81047422, 0.72348735]]],[[[,0.82597649, 0.8201207,0.86574186],[,0.84945769, 0.84058667, 0.85592505],[,0.82690291, 0.85773989, 0.91157179]], [[,0.90094146, 0.92665853, 0.8769016 ],[,0.89701239, 0.92129272, 0.9281435 ],[,0.85791899, 0.87574027, 0.8339491 ]], [[,0.87648444, 0.91467463, 0.88671131],[,0.82048963, 0.8939804,0.85279274],[,0.80968691, 0.90792857, 0.82479143]], [[,0.89519047, 0.82846725, 0.81324527],[,0.8341308,0.99942152, 0.85134685],[,0.80750525, 0.8539414,0.81863978]]],[[[,0.93275586, 0.81942813, 0.94568048],[,0.91124865, 0.85547921, 0.93084823],[,0.80792412, 0.9096289,0.85558773]], [[,0.85506455, 0.86987185, 0.86777737],[,0.83909576, 0.8741736,0.831488,],[,0.81993205, 0.85292988, 0.81337117]], [[,0.93577693, 0.90870709, 0.90301172],[,0.86410826, 0.83253276, 0.82991467],[,0.97675727, 0.93039337, 0.86610356]], [[,0.82937035, 0.81403372, 0.83353753],[,0.84422618, 0.83591321, 0.96236319],[,0.84191227, 0.74244887, 0.81993096]]],[[[,0.87913232, 0.85962572, 0.85679763],[,1.00563926, 0.89913916, 0.81788355],[,0.86216157, 0.83691348, 0.83717602]], [[,0.86379226, 0.86254117, 0.85704464],[,0.93344846, 0.90280505, 0.84313042],[,0.80535969, 0.84965252, 0.81793165]], [[,0.81716162, 0.8622463,0.833801,],[,0.82778194, 0.8250489,0.82657858],[,0.83855801, 0.8546871,0.77564575]], [[,0.89356127, 0.82830543, 0.84634968],[,0.93669954, 0.82365465, 0.85977004],[,0.87910232, 0.84215414, 0.79150441]]],[[[,0.84648857, 0.8643607,0.87752562],[,0.9292195,0.82038171, 0.7565533 ],[,0.87222294, 0.81885708, 0.92826245]], [[,0.88127543, 0.84209443, 0.94064803],[,0.86444715, 0.91198157, 0.83391986],[,0.78569912, 0.84300856, 0.88257617]], [[,0.81349822, 0.84020653, 0.85205138],[,0.82781345, 0.82892479, 0.87980813],[,0.81507596, 0.81089741, 0.77143979]], [[,0.8771003,0.82874678, 0.97737379],[,0.97293951, 0.84800923, 0.9163153 ],[,0.8629741,0.84584521, 0.93367986]]]], [[[[,0.75021746, 0.72875639, 0.84406737],[,0.7091258,0.73967712, 0.79140423],[,0.79122556, 0.71184052, 0.6935887 ]], [[,0.72879081, 0.69106295, 0.76944105],[,0.71601703, 0.70157928, 0.69986961],[,0.69435638, 0.66205591, 0.73725905]], [[,0.71665419, 0.70341324, 0.71732558],[,0.6168874,0.70556378, 0.67022555],[,0.66908524, 0.69401922, 0.67785405]], [[,0.63902778, 0.6302469,0.71003585],[,0.62115012, 0.65076511, 0.60097731],[,0.61402584, 0.67376382, 0.60797858]]],[[[,0.81866786, 0.75500964, 0.71607786],[,0.72835607, 0.70514567, 0.71077714],[,0.71402977, 0.76230621, 0.67197407]], [[,0.71353146, 0.73583507, 0.66911094],[,0.67029096, 0.67692809, 0.65800162],[,0.68350938, 0.70079538, 0.68019513]], [[,0.6963442,0.66288435, 0.67124551],[,0.66211925, 0.70326889, 0.71400985],[,0.60885872, 0.65026001, 0.67438348]], [[,0.66054484, 0.67418804, 0.59560918],[,0.64576292, 0.64686975, 0.6088572 ],[,0.65575628, 0.69331731, 0.60855444]]],[[[,0.78076501, 0.73269928, 0.76002171],[,0.73427163, 0.75712113, 0.7886966 ],[,0.75475682, 0.71744891, 0.75957657]], [[,0.79779991, 0.71721921, 0.7497277 ],[,0.66762514, 0.64604102, 0.6827912 ],[,0.71225101, 0.72235432, 0.68312922]], [[,0.65359614, 0.69711451, 0.65481942],[,0.69524536, 0.70487342, 0.6649136 ],[,0.65883125, 0.65838843, 0.64357129]], [[,0.66119349, 0.5984417,0.61921914],[,0.63467813, 0.62469615, 0.68122037],[,0.64243281, 0.6247164,0.68030042]]],[[[,0.87094684, 0.79527093, 0.73779072],[,0.75477272, 0.76963874, 0.79591341],[,0.74843146, 0.7146542,0.70161763]], [[,0.74992174, 0.71204413, 0.78674296],[,0.6642844,0.72647996, 0.70048845],[,0.63727642, 0.67077354, 0.73165117]], [[,0.69128963, 0.66494938, 0.67223216],[,0.65780676, 0.62102567, 0.70801378],[,0.67414244, 0.6881071,0.67333363]], [[,0.67045209, 0.62883628, 0.60192412],[,0.67701246, 0.61312794, 0.61828245],[,0.61902053, 0.69261323, 0.65713305]]],[[[,0.78860652, 0.82250857, 0.76893355],[,0.77999111, 0.76246577, 0.69994377],[,0.72269783, 0.72594472, 0.70713042]], [[,0.73130889, 0.71121399, 0.74286771],[,0.70052913, 0.71900729, 0.66155066],[,0.70048724, 0.65315566, 0.71435808]], [[,0.6718465,0.73927589, 0.69762092],[,0.65925432, 0.67142575, 0.64867535],[,0.68156868, 0.66955097, 0.66547171]], [[,0.71820539, 0.68028616, 0.73831859],[,0.62512086, 0.62610843, 0.64457746],[,0.66113366, 0.69362778, 0.66031474]]]], [[[[ 18.92584687, 4.92705726, 1.02252096],[ 15.96654631, 4.95194759, 1.0225862 ],[ 12.00101855, 4.45210403, 1.05349663]], [[ 12.67205817, 4.91291055, 0.98426278],[ 10.63479616, 3.75526654, 1.01758736],[,8.89195827, 4.39182365, 1.05265049]], [[ 13.97550885, 4.28567285, 0.89995335],[,5.04127415, 3.40952196, 1.09673391],[,5.00985108, 3.48167147, 0.95650368]], [[,4.07779349, 3.78186671, 0.97988688],[,4.4564887,3.7617797,0.99601059],[,4.35666,2.60450209, 0.95863984]]],[[[ 19.76941143, 4.30285691, 0.99320594],[ 16.73219283, 4.16334661, 0.92929079],[ 12.62269544, 3.82610435, 0.98905766]], [[ 11.90154987, 3.81458612, 0.96037156],[,6.80912705, 3.05269442, 1.02876548],[,7.48816636, 3.8775594,0.91957509]], [[,7.65854941, 3.7972138,0.96760472],[,3.93108509, 3.04461714, 0.96255657],[,4.95799679, 3.40946655, 1.02108549]], [[,5.80151463, 3.84114366, 0.90300828],[,3.47773515, 3.88142403, 0.94970801],[,4.61929227, 3.3494603,0.94388972]]],[[[ 18.60265579, 4.61790214, 0.94917579],[ 16.07389059, 3.86047287, 1.03466985],[ 15.90656796, 5.12284125, 0.98852374]], [[,7.91062523, 4.37157592, 0.93436202],[,8.68190619, 4.02499904, 1.01480217],[,6.95901986, 3.82719058, 0.97439959]], [[,8.03372685, 3.55647413, 1.01809223],[,8.39287637, 4.35823546, 0.94086846],[,4.66811914, 3.60181233, 0.96595857]], [[,4.78932796, 3.33883194, 0.96428974],[,4.34262193, 2.89650865, 0.94593943],[,3.76957648, 2.7099731,0.9358265 ]]],[[[ 16.34553871, 4.93612686, 1.04902747],[ 15.09261964, 4.97242649, 1.04151105],[ 16.94797527, 4.32477788, 1.04153024]], [[ 10.61491413, 4.54381238, 0.94757821],[ 10.70800218, 4.1999483,1.00711596],[,8.49865531, 3.55741626, 0.90768189]], [[,8.31777917, 3.67977327, 0.96099587],[,5.84607466, 3.41604624, 0.96109015],[,7.21819684, 3.4005275,0.98830964]], [[,4.5302791,2.99729751, 1.02501519],[,3.54822428, 3.34531407, 0.99502937],[,3.99325572, 3.62104559, 1.08719824]]],[[[ 24.08676269, 4.14075518, 0.98658948],[ 21.33780736, 4.11129769, 0.99696865],[ 12.8516808,4.35173965, 1.0206333 ]], [[ 10.66463072, 5.17592719, 1.04537426],[ 10.62653676, 3.78000983, 0.91391424],[,8.07823716, 3.91336378, 0.98721077]], [[,9.43214858, 4.12596086, 0.99252621],[,5.93849125, 3.57842802, 0.93928415],[,5.6586262,3.42217767, 1.01180827]], [[,6.18897982, 3.86650826, 0.91198686],[,4.03363678, 3.64408199, 0.98598015],[,4.55968235, 2.8799287,0.97370655]]]]];=HYPERLINK("C:\Users\Steve\Documents\Eclipse Projects\BA_Analysis\results\2016-03-03-11-53_nadja_fitted_10.csv.pdf")
2016-03-03 12:08:02.367000;nadja_fitted_10.csv;(0.57746639877900208, {ReservoirNode(input_dim=None, output_dim=400, dtype='float64'): {'output_dim': 400, 'input_scaling': 0.80000000000000004, 'spectral_radius': 0.80000000000000004, '_instance': 1}, RidgeRegressionNode(input_dim=None, output_dim=None, dtype=None): {'ridge_param': 0.0001}});fused;True;gyro;True;acc;True;output_dim;[4, 40, 400];_instance;[0, 1, 2, 3, 4];spectral_radius;[ 0.2  0.4  0.6  0.8];input_scaling;[ 0.8  1.   1.2];ridge_param;[1e-08, 0.0001, 0.1];paraList;[[4, 40, 400], [0, 1, 2, 3, 4], array([ 0.2,  0.4,  0.6,  0.8]), array([ 0.8,  1. ,  1.2]), [1e-08, 0.0001, 0.1]];errors;[[[[[ 0.93503133,0.94656532,0.87069162],[ 0.86305165,0.85851273,0.88057869],[ 0.8143874, 0.91070878,0.84058922]], [[ 0.89997756,0.91188203,0.88163917],[ 0.87668948,0.85964303,0.8632113 ],[ 0.84915977,0.8500395, 0.8594195 ]], [[ 0.86342811,0.96094849,0.87376334],[ 0.90688455,0.85943644,0.90549387],[ 0.98817978,0.85985441,0.81371527]], [[ 0.85725865,0.81788379,0.89982522],[ 0.97931272,0.85173433,0.96010307],[ 0.92512918,0.82141192,0.84237538]]],[[[ 0.87620974,0.91293741,0.87017258],[ 0.85524519,0.92728341,0.88435085],[ 0.93878431,0.92414291,0.85086354]], [[ 0.86987715,0.91649665,0.90158708],[ 0.82002956,0.82114994,0.89929432],[ 0.86792718,0.83392399,0.83659436]], [[ 0.9028488, 0.87563562,0.88743096],[ 0.88116061,0.91403745,0.85969209],[ 0.86638051,0.82532164,0.87266044]], [[ 0.86836044,0.93849795,0.84170204],[ 0.88406903,0.93948231,0.93427403],[ 0.83822549,0.82188338,0.8446033 ]]],[[[ 0.86312152,0.8950075, 0.92337506],[ 0.89434248,0.914835,0.88645651],[ 0.82882881,0.85034513,0.86637273]], [[ 0.97806594,0.88837204,0.9459306 ],[ 0.81085567,0.85245689,0.91249949],[ 0.85469739,0.82038218,0.88533916]], [[ 0.89654059,0.92066608,0.8798444 ],[ 0.90826725,0.84536233,0.89720155],[ 0.84574938,0.82233046,0.83559152]], [[ 0.88859179,0.95887634,0.91093849],[ 0.87024672,0.82035395,0.85167484],[ 0.79310896,0.83270701,0.88686791]]],[[[ 0.93002501,0.90080792,0.89370665],[ 0.93261714,0.92382882,0.86488125],[ 0.94418576,0.86018285,0.81935925]], [[ 0.87133107,0.89843967,0.84169814],[ 0.84717181,0.91030402,0.94724049],[ 0.82799488,0.81178816,0.80966205]], [[ 0.91493927,0.81910087,0.91337959],[ 0.88780212,0.89244421,0.87019986],[ 0.92885053,0.88619042,0.81721312]], [[ 0.91606775,0.83758085,0.86692255],[ 0.8837041, 0.82203085,0.89210432],[ 0.8722897, 0.84240414,0.83728558]]],[[[ 0.92218163,0.88889099,0.92156032],[ 0.91332872,0.90685067,0.8930193 ],[ 0.93536303,0.93728761,0.88739197]], [[ 0.8841635, 0.85357226,0.9045016 ],[ 0.84575728,0.86360441,0.89834651],[ 0.88189616,0.85423255,0.9122736 ]], [[ 0.95445527,0.92326616,0.88334199],[ 0.90617894,0.88490213,0.84371987],[ 0.92437135,0.84984663,0.82502639]], [[ 0.93036809,0.81901919,0.8289206 ],[ 0.94770055,0.85202647,0.88473144],[ 0.85615731,0.87841343,0.85618681]]]], [[[[ 0.76110804,0.73722799,0.74212501],[ 0.71827426,0.69634303,0.7162578 ],[ 0.73063991,0.71055088,0.72685181]], [[ 0.7080925, 0.66245726,0.70999491],[ 0.72641289,0.69168287,0.70254622],[ 0.66710655,0.6786627, 0.68113104]], [[ 0.69744277,0.66553062,0.69265954],[ 0.64240675,0.64726955,0.67500017],[ 0.65688434,0.6539349, 0.67989845]], [[ 0.61501961,0.6575506, 0.700262,],[ 0.61830207,0.65413399,0.65650853],[ 0.65531619,0.63350487,0.62846088]]],[[[ 0.72455213,0.72285595,0.72243709],[ 0.70329462,0.68677733,0.71806551],[ 0.7020619, 0.71776919,0.7028496 ]], [[ 0.70000582,0.70857231,0.64953161],[ 0.66632955,0.6761173, 0.67607107],[ 0.66260074,0.66586811,0.65819547]], [[ 0.6968982, 0.66989417,0.68025696],[ 0.67031166,0.62815632,0.65853778],[ 0.63589981,0.6297295, 0.66086455]], [[ 0.66984847,0.62102853,0.65267024],[ 0.6364194, 0.66848092,0.64899587],[ 0.65247688,0.60499215,0.61435346]]],[[[ 0.73266079,0.74554087,0.7693466 ],[ 0.70677383,0.65829353,0.71472737],[ 0.68451875,0.71805966,0.69998575]], [[ 0.68427216,0.69883999,0.71932921],[ 0.69703174,0.66320173,0.65092896],[ 0.65398744,0.70203189,0.68715709]], [[ 0.68803328,0.66284318,0.66089891],[ 0.65630802,0.64246843,0.6485867 ],[ 0.64430764,0.64123375,0.65893963]], [[ 0.66346483,0.62339476,0.64297082],[ 0.61768109,0.63101971,0.62045793],[ 0.60258204,0.66501261,0.64920525]]],[[[ 0.74713997,0.75921372,0.73224994],[ 0.7161998, 0.71783014,0.71691531],[ 0.72663843,0.72913837,0.69435512]], [[ 0.70599701,0.7053123, 0.68608923],[ 0.68993083,0.6883793, 0.65532444],[ 0.67720157,0.65857216,0.68953437]], [[ 0.68064619,0.68817236,0.6468186 ],[ 0.66013566,0.64541153,0.67252905],[ 0.64685517,0.66108027,0.62967676]], [[ 0.67393933,0.66243692,0.59469699],[ 0.61380173,0.64779971,0.61778653],[ 0.65205238,0.61951458,0.60294043]]],[[[ 0.73595593,0.74020151,0.72813394],[ 0.70510849,0.70258561,0.70322208],[ 0.68220862,0.71601954,0.71072336]], [[ 0.72394073,0.68324236,0.70831081],[ 0.70403262,0.68836207,0.69089032],[ 0.6850868, 0.69368632,0.68206372]], [[ 0.67663236,0.65326461,0.63832915],[ 0.62515089,0.64367469,0.65497237],[ 0.6585976, 0.6540321, 0.62562634]], [[ 0.60280045,0.59646304,0.64428585],[ 0.64123793,0.67009919,0.59536026],[ 0.63212666,0.65443968,0.62744349]]]], [[[[ 0.70589976,0.73806504,0.66716934],[ 0.73299779,0.75418892,0.67974709],[ 0.71219508,0.72183568,0.63083687]], [[ 0.68704459,0.69409024,0.66360588],[ 0.66189864,0.6720444, 0.62339804],[ 0.64730912,0.65496641,0.67183196]], [[ 0.63918958,0.63163703,0.61277768],[ 0.63577482,0.63493042,0.63900213],[ 0.61833302,0.62027238,0.63155792]], [[ 0.62190672,0.5921068, 0.58683339],[ 0.60423149,0.62325349,0.617562,],[ 0.59017761,0.60133814,0.61511643]]],[[[ 0.80346208,0.79782072,0.70224119],[ 0.74791814,0.7082937, 0.67175449],[ 0.72647366,0.70971542,0.65639352]], [[ 0.6840526, 0.68345332,0.66152404],[ 0.67074584,0.67293305,0.63613314],[ 0.65621596,0.66814306,0.66389763]], [[ 0.63029883,0.63751514,0.61058651],[ 0.63478656,0.63167786,0.61975344],[ 0.64578694,0.64740905,0.61860845]], [[ 0.5956228, 0.5774664, 0.59626063],[ 0.61886424,0.60123574,0.58401402],[ 0.62408963,0.60229812,0.59560915]]],[[[ 0.79697984,0.77782265,0.66923495],[ 0.75922672,0.74208575,0.67718724],[ 0.73302543,0.69243534,0.67750385]], [[ 0.65077641,0.67196163,0.67128217],[ 0.69203128,0.702217,0.67523577],[ 0.65958601,0.66502493,0.66005493]], [[ 0.63096715,0.63132616,0.61454027],[ 0.62446665,0.65380806,0.62283868],[ 0.63553608,0.61828146,0.62515398]], [[ 0.61517865,0.59816558,0.59415666],[ 0.60061204,0.60203377,0.61639814],[ 0.59414371,0.60820141,0.58380747]]],[[[ 0.77444141,0.82503404,0.67754549],[ 0.77694746,0.74533109,0.67409165],[ 0.69812643,0.72601297,0.64955605]], [[ 0.66757925,0.72346176,0.65939497],[ 0.66480249,0.6753585, 0.65564245],[ 0.67592404,0.69841609,0.6536763 ]], [[ 0.6322145, 0.62652148,0.62077197],[ 0.65468961,0.61598077,0.62892102],[ 0.61898798,0.61734633,0.61288873]], [[ 0.61213107,0.62708414,0.60910163],[ 0.59589025,0.58893276,0.61729781],[ 0.59578801,0.63445745,0.60736776]]],[[[ 0.80253231,0.8071267, 0.70663627],[ 0.73650201,0.70792245,0.69837936],[ 0.73025734,0.76445542,0.64669362]], [[ 0.69373785,0.6675378, 0.67615026],[ 0.67892168,0.65406922,0.63065787],[ 0.67569457,0.68140852,0.65697838]], [[ 0.64289031,0.64309837,0.61936239],[ 0.62606128,0.63799825,0.60986641],[ 0.62492158,0.64412363,0.61791054]], [[ 0.59076082,0.61984304,0.59274681],[ 0.59658783,0.61188367,0.5868681 ],[ 0.6139162, 0.60644087,0.60011596]]]]];=HYPERLINK("C:\Users\Steve\Documents\Eclipse Projects\BA_Analysis\results\2016-03-03-12-08_nadja_fitted_10.csv.pdf")
2016-03-03 12:15:47.733000;nadja_fitted_10.csv;(0.57235310588494259, {RidgeRegressionNode(input_dim=None, output_dim=None, dtype=None): {'ridge_param': 0.1}, ReservoirNode(input_dim=None, output_dim=400, dtype='float64'): {'output_dim': 400, 'input_scaling': 1.0, 'spectral_radius': 0.80000000000000004, '_instance': 1}});fused;True;gyro;True;acc;True;output_dim;[4, 40, 400];_instance;[0, 1, 2, 3, 4];spectral_radius;[ 0.2  0.4  0.6  0.8];input_scaling;[ 0.8  1.   1.2];ridge_param;[1e-08, 0.0001, 0.1];paraList;[[1e-08, 0.0001, 0.1], [4, 40, 400], [0, 1, 2, 3, 4], array([ 0.2,  0.4,  0.6,  0.8]), array([ 0.8,  1. ,  1.2])];errors;[[[[[ 0.88377027,0.8878923, 0.87910399],[ 0.86950089,0.86306978,0.82412816],[ 0.90007089,0.87952844,0.78324111],[ 0.90264965,0.90710738,0.86482263]], [[ 0.90152199,0.88593655,0.86045105],[ 0.89994367,0.80630538,0.85463911],[ 0.94533658,0.92817739,0.86637213],[ 0.92056791,0.91912066,0.84966447]], [[ 0.88956863,0.89518241,0.85582742],[ 0.86193301,0.86065202,0.87616032],[ 0.88141631,0.9218251, 0.85306242],[ 0.88087378,0.82482268,0.83713167]], [[ 0.89635945,0.94679308,0.85948258],[ 0.90935691,0.89548885,0.87839716],[ 0.88736782,0.86560834,0.86186111],[ 0.88337943,0.80781942,0.80668745]], [[ 0.96241579,0.89038918,0.8254064 ],[ 0.86437749,0.87342844,0.86940189],[ 0.84853095,0.87528735,0.93969854],[ 0.88264264,0.84265, 0.86143581]]],[[[ 0.76220594,0.73664302,0.6923115 ],[ 0.73120262,0.69069598,0.70766939],[ 0.69421633,0.65530734,0.68091734],[ 0.60725308,0.68592471,0.64383067]], [[ 0.76332435,0.69870789,0.6775099 ],[ 0.71303982,0.66442908,0.69898431],[ 0.65636787,0.65280314,0.6551763 ],[ 0.69373628,0.62869449,0.65127347]], [[ 0.71148561,0.71204059,0.69978344],[ 0.71550285,0.66905793,0.67437379],[ 0.66794333,0.654113,0.63319807],[ 0.60478942,0.67217, 0.62370489]], [[ 0.7289185, 0.69844446,0.72140337],[ 0.6782298, 0.66767966,0.68743217],[ 0.66250907,0.61044594,0.66301135],[ 0.64505494,0.6550973, 0.62637396]], [[ 0.73714862,0.7358765, 0.70853605],[ 0.67372145,0.68577371,0.70066479],[ 0.66595495,0.70995828,0.63540128],[ 0.66462608,0.63886668,0.60175778]]],[[[ 0.74207427,0.73075676,0.76210424],[ 0.69848826,0.6624482, 0.67174948],[ 0.61581836,0.63251694,0.62441352],[ 0.60141851,0.61320171,0.61376535]], [[ 0.79915681,0.77401309,0.73102491],[ 0.70212928,0.64811864,0.64286235],[ 0.65999767,0.64392394,0.63991618],[ 0.59095796,0.59345225,0.59308225]], [[ 0.77381027,0.75836168,0.75870111],[ 0.65520579,0.69107788,0.64072214],[ 0.634182,0.62927984,0.63603183],[ 0.59757122,0.60997879,0.61746367]], [[ 0.80651296,0.7281517, 0.75521042],[ 0.69711444,0.67437833,0.67177965],[ 0.62238134,0.62544675,0.63920825],[ 0.59730763,0.61159871,0.57795078]], [[ 0.78437996,0.72049726,0.73822838],[ 0.69447995,0.6599276, 0.66950969],[ 0.61671829,0.61118913,0.62788982],[ 0.58654952,0.61376571,0.6236735 ]]]], [[[[ 0.85542513,0.87285098,0.86711024],[ 0.87021622,0.95717483,0.89215764],[ 0.9424182, 0.85802713,0.83700381],[ 0.93354796,0.91050923,0.8022108 ]], [[ 0.90271546,0.85497761,0.86808885],[ 0.92020375,0.86242758,0.87475116],[ 0.88280951,0.88440079,0.81033176],[ 0.99350282,0.83529445,0.86322899]], [[ 0.93131803,0.86645487,0.88978614],[ 0.89266036,0.86216947,0.88071857],[ 0.84706888,0.85255629,0.89524805],[ 0.9029005, 0.91354074,0.93556236]], [[ 0.88132527,0.91684491,0.79734107],[ 0.95854396,0.87408464,0.809466,],[ 0.92034693,0.91644152,0.80748226],[ 0.88369127,0.84397773,0.89494802]], [[ 0.91577523,0.89189352,0.79787643],[ 0.904512,0.9516638, 0.86486353],[ 0.86400144,0.91693696,0.82138557],[ 0.91854158,0.88479927,0.89087402]]],[[[ 0.74839527,0.70155787,0.70795084],[ 0.68246893,0.65935396,0.70384086],[ 0.70003216,0.64593148,0.65316083],[ 0.69173098,0.65160611,0.61192937]], [[ 0.73228065,0.71899413,0.68386618],[ 0.6902447, 0.68978359,0.66547496],[ 0.64022819,0.65379981,0.66240281],[ 0.68008246,0.65248987,0.62758483]], [[ 0.74603531,0.68935162,0.68094676],[ 0.68597549,0.71745516,0.67869316],[ 0.63471514,0.67015661,0.63492137],[ 0.6682486, 0.6363604, 0.61255849]], [[ 0.71915892,0.74028869,0.7211516 ],[ 0.71901183,0.65367692,0.65780807],[ 0.70981043,0.63460162,0.66636756],[ 0.69489294,0.63605244,0.67270688]], [[ 0.71426316,0.66232835,0.72590391],[ 0.7161887, 0.72565427,0.6767605 ],[ 0.63717953,0.68626246,0.65701332],[ 0.62487985,0.62163509,0.65112544]]],[[[ 0.78723938,0.74633974,0.71993078],[ 0.71896926,0.66292153,0.64819866],[ 0.62068688,0.62698454,0.60613404],[ 0.6221475, 0.60601343,0.59810586]], [[ 0.80019726,0.77569511,0.71167536],[ 0.6878119, 0.68554994,0.66439331],[ 0.60142062,0.63664419,0.63083574],[ 0.60233698,0.62579641,0.62950442]], [[ 0.8088785, 0.72702762,0.71322561],[ 0.68228495,0.70109574,0.67636166],[ 0.62980554,0.63220399,0.61876033],[ 0.61329974,0.60273048,0.61454075]], [[ 0.78651732,0.77730266,0.75651088],[ 0.70443765,0.66162923,0.67400908],[ 0.64342599,0.63907821,0.63912396],[ 0.59220472,0.58139414,0.61771993]], [[ 0.75122279,0.76257972,0.71928128],[ 0.66498051,0.67452448,0.63518767],[ 0.62815473,0.62881648,0.62669127],[ 0.57590617,0.60644045,0.62798633]]]], [[[[ 0.89228353,0.89320747,0.87724046],[ 0.93343572,0.89768185,1.00502405],[ 0.87796439,0.85559144,0.84451929],[ 0.904366,0.91098512,0.84994013]], [[ 0.89838555,0.90159481,0.84299712],[ 0.86544761,0.84687458,0.85655897],[ 0.86425425,0.86648683,0.8655961 ],[ 0.84916698,0.9256375, 0.92474401]], [[ 0.87066572,0.94204555,0.8845939 ],[ 0.91746387,0.85564754,0.87696155],[ 0.8631744, 0.96294849,0.93897507],[ 0.85738055,0.83233241,0.90434534]], [[ 0.86409725,0.87304448,0.8393162 ],[ 0.89097655,0.83488589,1.00141846],[ 0.82444297,0.84229448,0.87874339],[ 0.91033279,0.81618089,0.88345121]], [[ 0.9077545, 0.86686082,0.83762073],[ 0.9216915, 0.83442229,0.86257318],[ 0.90710668,0.97522261,0.86167396],[ 0.79637378,0.85994284,0.83262542]]],[[[ 0.72687657,0.72052065,0.69915735],[ 0.70993169,0.68053061,0.69721463],[ 0.68744942,0.69723735,0.63563656],[ 0.66769981,0.62617164,0.64503921]], [[ 0.74817036,0.70737677,0.70170288],[ 0.67148027,0.71802128,0.68231758],[ 0.66471311,0.63048281,0.66571737],[ 0.5979663, 0.63496078,0.64921003]], [[ 0.71401155,0.70261193,0.68175188],[ 0.73025146,0.72187753,0.65286132],[ 0.64392565,0.68149335,0.63239447],[ 0.65557274,0.6416155, 0.67191982]], [[ 0.74471743,0.71995765,0.69757284],[ 0.68262731,0.703642,0.67057802],[ 0.67795189,0.63586413,0.62561859],[ 0.64751768,0.62985161,0.61867565]], [[ 0.76831543,0.69953525,0.71844694],[ 0.70722162,0.65495021,0.6963261 ],[ 0.63350543,0.67944048,0.65308119],[ 0.67011807,0.64310288,0.65642988]]],[[[ 0.72861985,0.73441681,0.70064378],[ 0.67866202,0.67429088,0.6445115 ],[ 0.61053821,0.62351755,0.6532994 ],[ 0.60083594,0.60913437,0.63252906]], [[ 0.74237774,0.71807436,0.69025481],[ 0.67675887,0.69344502,0.65899223],[ 0.65608518,0.62972015,0.60485933],[ 0.59306874,0.57235311,0.58208994]], [[ 0.75629694,0.74575911,0.69264444],[ 0.67525688,0.66247227,0.67346594],[ 0.62174531,0.62595802,0.64878141],[ 0.62657482,0.60731006,0.61494915]], [[ 0.75997371,0.68771753,0.75707184],[ 0.65392524,0.69524707,0.63379999],[ 0.65226235,0.66027539,0.6300311 ],[ 0.60050691,0.60170821,0.61458153]], [[ 0.76256487,0.72736605,0.68610932],[ 0.67485916,0.64896675,0.65825789],[ 0.62652933,0.63016876,0.6249167 ],[ 0.6079976, 0.59913983,0.59932765]]]]];=HYPERLINK("C:\Users\Steve\Documents\Eclipse Projects\BA_Analysis\results\2016-03-03-12-15_nadja_fitted_10.csv.pdf")
